Link Produto,Nome do produto,Quantidade de Vendas,Valor
//pt.aliexpress.com/item/1005005862152534.html?algo_pvid=875f0e4c-2b9f-4b48-9627-352bd9d70baf&algo_exp_id=875f0e4c-2b9f-4b48-9627-352bd9d70baf-0&pdp_npi=4%40dis%21BRL%21147.46%2149.73%21%21%21198.47%2166.94%21%402101c5c317162976992537521ef88b%2112000034612831070%21sea%21BR%210%21AB&curPageLogUid=ntBWtVa4OS8e&utparam-url=scene%3Asearch%7Cquery_from%3A,"Unidades de Estado Sólido para Laptop e Desktop, Disco Rígido, 128GB, 256GB, 360GB, 480GB, 180GB, 2.5 SSD, 2TB, 1TB, 240GB, 120GB ",,"R$49,73"
//pt.aliexpress.com/item/1005005802879951.html?algo_pvid=875f0e4c-2b9f-4b48-9627-352bd9d70baf&algo_exp_id=875f0e4c-2b9f-4b48-9627-352bd9d70baf-1&pdp_npi=4%40dis%21BRL%21753.90%21230.74%21%21%21140.07%2142.87%21%402101c5c317162976992537521ef88b%2112000034404370617%21sea%21BR%210%21AB&curPageLogUid=9Whdl8xxAeo9&utparam-url=scene%3Asearch%7Cquery_from%3A,XrayDisk M.2 SSD PCIe NVME 128GB 256GB 512GB 1TB Gen3 * 4 Solid State Drive 2280 Disco Rígido Interno HDD para Laptop Desktop ,,"R$230,74"
//pt.aliexpress.com/item/1005005802997075.html?algo_pvid=875f0e4c-2b9f-4b48-9627-352bd9d70baf&algo_exp_id=875f0e4c-2b9f-4b48-9627-352bd9d70baf-2&pdp_npi=4%40dis%21BRL%21360.29%21116.52%21%21%2166.94%2121.65%21%402101c5c317162976992537521ef88b%2112000034404482112%21sea%21BR%210%21AB&curPageLogUid=j9RF03grV5IT&utparam-url=scene%3Asearch%7Cquery_from%3A,"Xraydisk Sata3 Ssd 60GB 128GB 240GB 120GB 256GB 480GB 512gb 1TB Hdd 2.5 Disco rígido 2,5 ""unidade interna de estado sólido ",,"R$116,52"
//pt.aliexpress.com/item/1005005067044812.html?algo_pvid=875f0e4c-2b9f-4b48-9627-352bd9d70baf&aem_p4p_detail=202405210621394237018486921920000206293&algo_exp_id=875f0e4c-2b9f-4b48-9627-352bd9d70baf-3&pdp_npi=4%40dis%21BRL%21461.26%21181.75%21%21%2185.70%2133.77%21%402101c5c317162976992537521ef88b%2112000031508487577%21sea%21BR%210%21AB&curPageLogUid=Swavt547wH9J&utparam-url=scene%3Asearch%7Cquery_from%3A&search_p4p_id=202405210621394237018486921920000206293_2,"Kingston-SSD interno a400, unidade de estado sólido, 120gb, 240gb, 480gb, 960gb, 2,5 polegadas, sata iii, hdd, para laptop, desktop, pc ",,"R$181,75"
//pt.aliexpress.com/item/1005005367572468.html?algo_pvid=875f0e4c-2b9f-4b48-9627-352bd9d70baf&algo_exp_id=875f0e4c-2b9f-4b48-9627-352bd9d70baf-4&pdp_npi=4%40dis%21BRL%21146.23%2149.27%21%21%21196.81%2166.31%21%402101c5c317162976992537521ef88b%2112000032763201164%21sea%21BR%210%21AB&curPageLogUid=DVh8COUSr3Kw&utparam-url=scene%3Asearch%7Cquery_from%3A,"Goldenfir-Disco rígido de estado sólido para laptop, SSD 128GB, SATA III, 512GB, 480GB, 256GB, HD, 1TB, 500GB, 2.5 ",,"R$49,27"
//pt.aliexpress.com/item/1005005589861667.html?algo_pvid=875f0e4c-2b9f-4b48-9627-352bd9d70baf&algo_exp_id=875f0e4c-2b9f-4b48-9627-352bd9d70baf-5&pdp_npi=4%40dis%21BRL%21146.23%2149.27%21%21%21196.81%2166.31%21%402101c5c317162976992537521ef88b%2112000033665184532%21sea%21BR%210%21AB&curPageLogUid=DrFrrsm9EsI4&utparam-url=scene%3Asearch%7Cquery_from%3A,"Goldenfir-Solid State Drive SSD, 128GB, 256GB, 512GB, 720GB, 1TB disco rígido, menor preço ",,"R$49,27"
//pt.aliexpress.com/item/1005004995913275.html?algo_pvid=875f0e4c-2b9f-4b48-9627-352bd9d70baf&algo_exp_id=875f0e4c-2b9f-4b48-9627-352bd9d70baf-6&pdp_npi=4%40dis%21BRL%21431.30%21145.96%21%21%21580.48%21196.44%21%402101c5c317162976992537521ef88b%2112000031311986855%21sea%21BR%210%21AB&curPageLogUid=3bCemHZk0mOY&utparam-url=scene%3Asearch%7Cquery_from%3A,"Disco rígido interno XrayDisk, Solid State Drive, Sata3, 2.5 "", SSD, 240GB, 256GB, 480GB, 512GB, 1TB ",,"R$145,96"
//pt.aliexpress.com/item/1005006336556835.html?algo_pvid=875f0e4c-2b9f-4b48-9627-352bd9d70baf&aem_p4p_detail=202405210621394237018486921920000206293&algo_exp_id=875f0e4c-2b9f-4b48-9627-352bd9d70baf-7&pdp_npi=4%40dis%21BRL%21302.77%21125.33%21%21%21407.50%21168.68%21%402101c5c317162976992537521ef88b%2112000036804673896%21sea%21BR%210%21AB&curPageLogUid=CXkqRofs1mnJ&utparam-url=scene%3Asearch%7Cquery_from%3A&search_p4p_id=202405210621394237018486921920000206293_4,"Samsung-SSD interno 870, 1 também, 2 também, 250gb, 500gb, disco rígido, sata3, 2,5 polegadas, para laptop, desktop, pc, mlc ",,"R$125,33"
//pt.aliexpress.com/item/1005006854990132.html?algo_pvid=875f0e4c-2b9f-4b48-9627-352bd9d70baf&algo_exp_id=875f0e4c-2b9f-4b48-9627-352bd9d70baf-8&pdp_npi=4%40dis%21BRL%21658.79%21329.15%21%21%21122.40%2161.15%21%402101c5c317162976992537521ef88b%2112000038523712370%21sea%21BR%210%21AB&curPageLogUid=L17XN749p6nO&utparam-url=scene%3Asearch%7Cquery_from%3A,"FIREBAT-Solid State Disk Drive, SSD SATA3, 256GB, 512GB, 1 TB, 2,5 polegadas, Laptop, Notebook, Desktop, Original ",,"R$329,15"
//pt.aliexpress.com/item/1005005872561382.html?algo_pvid=875f0e4c-2b9f-4b48-9627-352bd9d70baf&algo_exp_id=875f0e4c-2b9f-4b48-9627-352bd9d70baf-9&pdp_npi=4%40dis%21BRL%21357.60%2194.03%21%21%2166.44%2117.47%21%402101c5c317162976992537521ef88b%2112000034652176996%21sea%21BR%210%21AB&curPageLogUid=NwFmzNYTKKpU&utparam-url=scene%3Asearch%7Cquery_from%3A,"ADATA-Unidade de estado sólido interna, SSD, SATA III, HDD, disco rígido para laptop, desktop, PC, SP580, 120GB, 240GB, 480GB, 960GB, 2,5"" ",197  vendido(s),"R$94,03"
//pt.aliexpress.com/item/1005005862152534.html?algo_pvid=875f0e4c-2b9f-4b48-9627-352bd9d70baf&algo_exp_id=875f0e4c-2b9f-4b48-9627-352bd9d70baf-0&pdp_npi=4%40dis%21BRL%21147.46%2149.73%21%21%21198.47%2166.94%21%402101c5c317162976992537521ef88b%2112000034612831070%21sea%21BR%210%21AB&curPageLogUid=ntBWtVa4OS8e&utparam-url=scene%3Asearch%7Cquery_from%3A,"Unidades de Estado Sólido para Laptop e Desktop, Disco Rígido, 128GB, 256GB, 360GB, 480GB, 180GB, 2.5 SSD, 2TB, 1TB, 240GB, 120GB ",,"R$49,73"
//pt.aliexpress.com/item/1005005802879951.html?algo_pvid=875f0e4c-2b9f-4b48-9627-352bd9d70baf&algo_exp_id=875f0e4c-2b9f-4b48-9627-352bd9d70baf-1&pdp_npi=4%40dis%21BRL%21753.90%21230.74%21%21%21140.07%2142.87%21%402101c5c317162976992537521ef88b%2112000034404370617%21sea%21BR%210%21AB&curPageLogUid=9Whdl8xxAeo9&utparam-url=scene%3Asearch%7Cquery_from%3A,XrayDisk M.2 SSD PCIe NVME 128GB 256GB 512GB 1TB Gen3 * 4 Solid State Drive 2280 Disco Rígido Interno HDD para Laptop Desktop ,,"R$230,74"
//pt.aliexpress.com/item/1005005802997075.html?algo_pvid=875f0e4c-2b9f-4b48-9627-352bd9d70baf&algo_exp_id=875f0e4c-2b9f-4b48-9627-352bd9d70baf-2&pdp_npi=4%40dis%21BRL%21360.29%21116.52%21%21%2166.94%2121.65%21%402101c5c317162976992537521ef88b%2112000034404482112%21sea%21BR%210%21AB&curPageLogUid=j9RF03grV5IT&utparam-url=scene%3Asearch%7Cquery_from%3A,"Gabinete Minisopuru NVMe, Gabinete Magnético M.2 2230 SSD para iPhone 15 Pro Max, ProRes 10Gbps, Gabinete USBC M.2, Suporta até 2TB ",,"R$116,76"
//pt.aliexpress.com/item/1005004246185587.html?algo_pvid=f8517e09-fa7f-4472-9dea-af1672837a28&aem_p4p_detail=202405210621473761474825287900000164758&algo_exp_id=f8517e09-fa7f-4472-9dea-af1672837a28-3&pdp_npi=4%40dis%21BRL%211746.83%21873.39%21%21%21324.55%21162.27%21%402103085c17162977071326441ec984%2112000028510305852%21sea%21BR%210%21AB&curPageLogUid=X2kADQjWvZfl&utparam-url=scene%3Asearch%7Cquery_from%3A&search_p4p_id=202405210621473761474825287900000164758_1,"Disco rígido SSD para laptop e notebook, disco rígido interno, 240 GB, 64GB, 256 GB, 120GB, 128GB, Sata 240 GB, 480GB, 10pcs ",,"R$873,39"
//pt.aliexpress.com/item/1005006834509259.html?algo_pvid=f8517e09-fa7f-4472-9dea-af1672837a28&algo_exp_id=f8517e09-fa7f-4472-9dea-af1672837a28-4&pdp_npi=4%40dis%21BRL%2183.25%2131.14%21%21%21112.04%2141.91%21%402103085c17162977071326441ec984%2112000038609823568%21sea%21BR%210%21AB&curPageLogUid=RZLKbEnz39iZ&utparam-url=scene%3Asearch%7Cquery_from%3A,"Adaptador de Gabinete de Estado Sólido Externo, M.2 NGFF SATA SSD, USB 3.1, Tipo C, Gen 1, 5Gbps, Chave 2280, 2260, 2242, 2230, B, B + M ",,"R$31,14"
//pt.aliexpress.com/item/1005006858669390.html?algo_pvid=f8517e09-fa7f-4472-9dea-af1672837a28&algo_exp_id=f8517e09-fa7f-4472-9dea-af1672837a28-5&pdp_npi=4%40dis%21BRL%2163.94%2123.92%21%21%2186.06%2132.20%21%402103085c17162977071326441ec984%2112000038536394253%21sea%21BR%210%21AB&curPageLogUid=XTx1znVGIDpp&utparam-url=scene%3Asearch%7Cquery_from%3A,"Caso do disco rígido externo, 2.5 polegadas, usb 3,0, sata, ssd, hdd, 1pc ",,"R$23,92"
//pt.aliexpress.com/item/1005006851419251.html?algo_pvid=f8517e09-fa7f-4472-9dea-af1672837a28&algo_exp_id=f8517e09-fa7f-4472-9dea-af1672837a28-6&pdp_npi=4%40dis%21BRL%2120.37%216.94%21%21%2127.42%219.34%21%402103085c17162977071326441ec984%2112000038514330691%21sea%21BR%210%21AB&curPageLogUid=iBzHYM60c0kA&utparam-url=scene%3Asearch%7Cquery_from%3A,"NGFF M.2 Cartão Adaptador SSD, Cartão de transferência, Expansão Rack Board, Riser Card, Converter Card, 2242-2280, 2230-2280, 1Pc ",,"R$6,94"
//pt.aliexpress.com/item/1005006942932285.html?algo_pvid=f8517e09-fa7f-4472-9dea-af1672837a28&aem_p4p_detail=202405210621473761474825287900000164758&algo_exp_id=f8517e09-fa7f-4472-9dea-af1672837a28-7&pdp_npi=4%40dis%21BRL%21512.52%21307.51%21%21%21689.80%21413.88%21%402103085c17162977071326441ec984%2112000038805888847%21sea%21BR%210%21AB&curPageLogUid=P01d06DHH0eZ&utparam-url=scene%3Asearch%7Cquery_from%3A&search_p4p_id=202405210621473761474825287900000164758_2,"Unidade interna de estado sólido, SSD Sata III, 8TB, 870 EVO, 4TB, laptop, microcomputador, desktop, PS4, PS5 ",,"R$307,51"
//pt.aliexpress.com/item/1005006848377443.html?algo_pvid=f8517e09-fa7f-4472-9dea-af1672837a28&algo_exp_id=f8517e09-fa7f-4472-9dea-af1672837a28-8&pdp_npi=4%40dis%21BRL%21321.39%21109.43%21%21%21432.56%21147.28%21%402103085c17162977071326441ec984%2112000038508661995%21sea%21BR%210%21AB&curPageLogUid=R5t78rLjfhy4&utparam-url=scene%3Asearch%7Cquery_from%3A,"Caso magnético do telefone móvel para Magsafe, 2230 SSD, Tipo C Caso de unidade externa, M2, NVMe, adequado para Apple 15Pro ",,"R$109,43"
//pt.aliexpress.com/item/1005006781546312.html?algo_pvid=f8517e09-fa7f-4472-9dea-af1672837a28&algo_exp_id=f8517e09-fa7f-4472-9dea-af1672837a28-9&pdp_npi=4%40dis%21BRL%2144.49%2124.49%21%21%2159.88%2132.96%21%402103085c17162977071326441ec984%2112000038634522214%21sea%21BR%210%21AB&curPageLogUid=kwL3iaXswkG6&utparam-url=scene%3Asearch%7Cquery_from%3A,"Lexar-Alumínio Dissipador De Calor De Refrigeração, LPAH100, almofadas térmicas, Radiador De Dissipação De Calor, Adequado Para M.2 2280 Dispositivos SSD, PC, PS5, Novo ",2  vendido(s),"R$24,49"
//pt.aliexpress.com/item/1005005061137875.html?algo_pvid=f8517e09-fa7f-4472-9dea-af1672837a28&algo_exp_id=f8517e09-fa7f-4472-9dea-af1672837a28-53&pdp_npi=4%40dis%21BRL%21575.67%21188.13%21%21%21774.79%21253.20%21%402103085c17162977071326441ec984%2112000031488870886%21sea%21BR%210%21AB&curPageLogUid=Fp0GYzwdY1PB&utparam-url=scene%3Asearch%7Cquery_from%3A,"Kingston-SSD a400 sata 3 2, 5 polegadas, unidade de estado sólido interna, hdd, 240 gb, 480gb, para notebook, pc ",51  vendido(s),"R$188,13"
//pt.aliexpress.com/item/1005005217753652.html?algo_pvid=f8517e09-fa7f-4472-9dea-af1672837a28&algo_exp_id=f8517e09-fa7f-4472-9dea-af1672837a28-54&pdp_npi=4%40dis%21BRL%21273.71%2199.87%21%21%21368.39%21134.42%21%402103085c17162977071326441ec984%2112000032225360866%21sea%21BR%210%21AB&curPageLogUid=5DenUYEUaT11&utparam-url=scene%3Asearch%7Cquery_from%3A,"Unidade interna de estado sólido, disco rígido, SSD, 64GB, 128GB, 240GB, 120GB, 256GB, 480GB, 512GB, 1TB, 2TB, 960GB, sata3 2,5 ","2,000+  vendido(s)","R$99,87"
//pt.aliexpress.com/item/1005006739062274.html?algo_pvid=f8517e09-fa7f-4472-9dea-af1672837a28&aem_p4p_detail=202405210621473761474825287900000164758&algo_exp_id=f8517e09-fa7f-4472-9dea-af1672837a28-55&pdp_npi=4%40dis%21BRL%2144.78%2124.78%21%21%2160.27%2133.35%21%402103085c17162977071326441ec984%2112000038141034144%21sea%21BR%210%21AB&curPageLogUid=LUhqYGY8DiXi&utparam-url=scene%3Asearch%7Cquery_from%3A&search_p4p_id=202405210621473761474825287900000164758_14,"Disco rígido externo SSD portátil, disco rígido de estado sólido, USB 3.1, tipo C, dispositivo de armazenamento de alta velocidade para laptops, desktop, Mac, 1TB, 2TB ",270  vendido(s),"R$24,78"
//pt.aliexpress.com/item/1005006659510338.html?algo_pvid=f8517e09-fa7f-4472-9dea-af1672837a28&algo_exp_id=f8517e09-fa7f-4472-9dea-af1672837a28-56&pdp_npi=4%40dis%21BRL%21182.57%21162.57%21%21%2133.92%2130.20%21%402103085c17162977071326441ec984%2112000038509566814%21sea%21BR%210%21AB&curPageLogUid=AOXHNfzRIH4P&utparam-url=scene%3Asearch%7Cquery_from%3A,"Kingston-ssd sata a400 sata3 2, 5 polegadas, unidade de estado sólido interno, disco rígido, 1 também para computador, diy ",,"R$162,57"
//pt.aliexpress.com/item/1005006819297702.html?algo_pvid=f8517e09-fa7f-4472-9dea-af1672837a28&algo_exp_id=f8517e09-fa7f-4472-9dea-af1672837a28-57&pdp_npi=4%40dis%21BRL%21991.08%21381.36%21%21%211333.89%21513.27%21%402103085c17162977071326441ec984%2112000038427246799%21sea%21BR%210%21AB&curPageLogUid=C8zTSgTPNJlw&utparam-url=scene%3Asearch%7Cquery_from%3A,"Crucial P3 PLUS SSD, 500GB, 1TB, 2TB, 4TB, PCIe 4.0, 3D, NAND, NVMe, M.2, Velocidade de leitura de até 4200 Mbps, Original, Novo ",,"R$381,36"
//pt.aliexpress.com/item/1005006437096287.html?algo_pvid=f8517e09-fa7f-4472-9dea-af1672837a28&algo_exp_id=f8517e09-fa7f-4472-9dea-af1672837a28-58&pdp_npi=4%40dis%21BRL%21256.79%21123.82%21%21%2147.71%2123.00%21%402103085c17162977071326441ec984%2112000037163018125%21sea%21BR%210%21AB&curPageLogUid=5HxGOyhrAPwz&utparam-url=scene%3Asearch%7Cquery_from%3A,"WALRAM-Unidade Interna de Estado Sólido para Laptop, PC Desktop, 2.5 ""SSD, 1TB, SATA3, 512GB, 120GB, 128GB, 240GB, 256GB, 500GB, 480GB ",,"R$123,82"
//pt.aliexpress.com/item/1005006802800261.html?algo_pvid=f8517e09-fa7f-4472-9dea-af1672837a28&aem_p4p_detail=202405210621473761474825287900000164758&algo_exp_id=f8517e09-fa7f-4472-9dea-af1672837a28-59&pdp_npi=4%40dis%21BRL%2171.42%2167.99%21%21%2196.12%2191.51%21%402103085c17162977071326441ec984%2112000038353839991%21sea%21BR%210%21AB&curPageLogUid=34IHogttBvhi&utparam-url=scene%3Asearch%7Cquery_from%3A&search_p4p_id=202405210621473761474825287900000164758_15,"Disco rígido externo SSD portátil, disco rígido de estado sólido, USB 3.1, tipo C, dispositivo de armazenamento de alta velocidade para laptops, desktop, Mac, 1TB, 2TB ",,"R$67,99"
//pt.aliexpress.com/item/1005006850348024.html?algo_pvid=f8517e09-fa7f-4472-9dea-af1672837a28&algo_exp_id=f8517e09-fa7f-4472-9dea-af1672837a28-0&pdp_npi=4%40dis%21BRL%2169.29%2113.92%21%21%2193.26%2118.74%21%402103085c17162977071326441ec984%2112000038535820078%21sea%21BR%210%21AB&curPageLogUid=rAC8DFwHgx0U&utparam-url=scene%3Asearch%7Cquery_from%3A,"Adaptador de Gabinete M.2 SATA SSD, USB 3.1, Gen1, 5Gbps, Gabinete Sem Ferramentas para B-Key, Chave B + M, SATA NGFF, Tamanho 2230, 2242, 2260, 2280 ",,"R$13,92"
https://www.aliexpress.com/gcp/300000512/nnmixupdatev3?productIds=1005006783006258&pha_manifest=ssr&_immersiveMode=true&disableNav=YES&channelLinkTag=nn_newgcp&sourceName=mainSearchProduct&utparam-url=scene%3Asearch%7Cquery_from%3A,"Caixa de disco rígido externo, caixa do disco rígido, HDD, Shell SSD, gabinete, USB 3.0 para SATA III, 2,5"" ",,"R$94,21"
//pt.aliexpress.com/item/1005006848884956.html?algo_pvid=cb5d1156-8a4b-4624-8cde-867769ef33b2&algo_exp_id=cb5d1156-8a4b-4624-8cde-867769ef33b2-2&pdp_npi=4%40dis%21BRL%21388.04%21112.12%21%21%21522.26%21150.90%21%402101c59517162977140516701eece2%2112000038507959058%21sea%21BR%210%21AB&curPageLogUid=eC1LX6ce1Tb3&utparam-url=scene%3Asearch%7Cquery_from%3A,"Movimentação interna de estado sólido para o portátil, disco rígido, SSD M2, NGFF, 500GB, 980 EVO mais, 250GB, 1TB, HDD, 970 PRO, M.2, 2TB, HDD, computador, Sata HD ",,"R$112,12"
//pt.aliexpress.com/item/1005006822453476.html?algo_pvid=cb5d1156-8a4b-4624-8cde-867769ef33b2&aem_p4p_detail=20240521062154765561217797930000172566&algo_exp_id=cb5d1156-8a4b-4624-8cde-867769ef33b2-3&pdp_npi=4%40dis%21BRL%21129.47%2164.73%21%21%21174.25%2187.12%21%402101c59517162977140516701eece2%2112000038414108367%21sea%21BR%210%21AB&curPageLogUid=FjHY6JAdnnC8&utparam-url=scene%3Asearch%7Cquery_from%3A&search_p4p_id=20240521062154765561217797930000172566_1,"Unidade de estado sólido portátil, SSD externo, disco rígido de alta velocidade, USB 3.1, tipo C, dispositivo de armazenamento para laptops, desktop, Mac, telefone, 1TB, 2TB ",,"R$64,73"
//pt.aliexpress.com/item/1005006140980990.html?algo_pvid=cb5d1156-8a4b-4624-8cde-867769ef33b2&algo_exp_id=cb5d1156-8a4b-4624-8cde-867769ef33b2-4&pdp_npi=4%40dis%21BRL%21272.94%21113.75%21%21%2150.71%2121.13%21%402101c59517162977140516701eece2%2112000035943456047%21sea%21BR%210%21AB&curPageLogUid=pzsqcUSPMUMe&utparam-url=scene%3Asearch%7Cquery_from%3A,"Lenovo-Unidade de estado sólido interna, disco rígido para laptop e desktop, SATA, SSD, 240 GB, 1 TB, 120GB, 128GB, 256GB, 480GB, 512GB, 500GB ",,"R$113,75"
//pt.aliexpress.com/item/1005005296091283.html?algo_pvid=cb5d1156-8a4b-4624-8cde-867769ef33b2&algo_exp_id=cb5d1156-8a4b-4624-8cde-867769ef33b2-5&pdp_npi=4%40dis%21BRL%21632.81%21222.06%21%21%21851.70%21298.87%21%402101c59517162977140516701eece2%2112000032530182809%21sea%21BR%210%21AB&curPageLogUid=InTjL6n8RLFJ&utparam-url=scene%3Asearch%7Cquery_from%3A,"Kingston-disco rígido interno nvme pcie nvme, 500gb, 250gb, 500gb, unidade de estado sólido, m.2 2280 pcie 4.0x4, novo ",,"R$222,06"
//pt.aliexpress.com/item/1005005703617776.html?algo_pvid=cb5d1156-8a4b-4624-8cde-867769ef33b2&algo_exp_id=cb5d1156-8a4b-4624-8cde-867769ef33b2-6&pdp_npi=4%40dis%21BRL%21263.25%21131.65%21%21%2148.91%2124.46%21%402101c59517162977140516701eece2%2112000036937792644%21sea%21BR%210%21AB&curPageLogUid=P3ChL58LlFr4&utparam-url=scene%3Asearch%7Cquery_from%3A,Reletech SSD P600 M2 NVMe 1TB 2TB 512G SSD M.2 2280 PCIe Gen3.0x4 Unidade Interna de Estado Sólido Disco Rígido Para Desktop Laptop ,,"R$131,65"
//pt.aliexpress.com/item/1005006262443444.html?algo_pvid=cb5d1156-8a4b-4624-8cde-867769ef33b2&aem_p4p_detail=20240521062154765561217797930000172566&algo_exp_id=cb5d1156-8a4b-4624-8cde-867769ef33b2-7&pdp_npi=4%40dis%21BRL%21245.07%21245.07%21%21%21329.84%21329.84%21%402101c59517162977140516701eece2%2112000036515686991%21sea%21BR%210%21AB&curPageLogUid=RY4lLZD5C5P6&utparam-url=scene%3Asearch%7Cquery_from%3A&search_p4p_id=20240521062154765561217797930000172566_2,"Disco Rígido Interno de Vigilância WD-Purple, HDD, HD, Vigilância, CCTV, DVR, NVR, Cache 64M, SATA III, 6 Gbps, 1TB, 2TB, 3TB, 4TB, 3,5"" ",,"R$245,07"
//pt.aliexpress.com/item/1005006850426817.html?algo_pvid=cb5d1156-8a4b-4624-8cde-867769ef33b2&algo_exp_id=cb5d1156-8a4b-4624-8cde-867769ef33b2-8&pdp_npi=4%40dis%21BRL%2182.24%2182.24%21%21%21110.68%21110.68%21%402101c59517162977140516701eece2%2112000038512202081%21sea%21BR%210%21AB&curPageLogUid=h6g6gEyI1SiN&utparam-url=scene%3Asearch%7Cquery_from%3A,"Eaget-Disco Rígido Interno SATA, Disco de Estado Sólido, Disco HD SATA, Alta Qualidade, SSD, 128GB, 256GB, 512GB, 1TB, 2TB, 4TB, 2.5 ",,"R$82,24"
//pt.aliexpress.com/item/1005005869893919.html?algo_pvid=cb5d1156-8a4b-4624-8cde-867769ef33b2&algo_exp_id=cb5d1156-8a4b-4624-8cde-867769ef33b2-9&pdp_npi=4%40dis%21BRL%2144.57%2122.29%21%21%218.28%214.14%21%402101c59517162977140516701eece2%2112000034644012122%21sea%21BR%210%21AB&curPageLogUid=Fkn6p7PlKdL1&utparam-url=scene%3Asearch%7Cquery_from%3A,USB 2.0 HDD Disco Rígido Externo Caso 2.5 Polegada Plástico SATA Gabinete SSD Transmissão de Alta Velocidade Suporte Janela Mac Android ,130  vendido(s),"R$22,29"
//pt.aliexpress.com/item/1005006818582694.html?algo_pvid=cb5d1156-8a4b-4624-8cde-867769ef33b2&algo_exp_id=cb5d1156-8a4b-4624-8cde-867769ef33b2-53&pdp_npi=4%40dis%21BRL%2165.37%214.99%21%21%2187.98%216.72%21%402101c59517162977140516701eece2%2112000038406670566%21sea%21BR%210%21AB&curPageLogUid=SZQxyk2Yw7iF&utparam-url=scene%3Asearch%7Cquery_from%3A,"SATA NGFF SSD Enclosure, Tipo C, Sem Ferramentas, Estado Sólido Externo, Adaptador para 2280, 2260, 2242, 2230, USB 3.1, 5Gbps ",47  vendido(s),"R$4,99"
//pt.aliexpress.com/item/1005006831352988.html?algo_pvid=cb5d1156-8a4b-4624-8cde-867769ef33b2&algo_exp_id=cb5d1156-8a4b-4624-8cde-867769ef33b2-54&pdp_npi=4%40dis%21BRL%21169.70%2164.82%21%21%2131.53%2112.04%21%402101c59517162977140516701eece2%2112000038444098944%21sea%21BR%210%21AB&curPageLogUid=CikbBXlxGryJ&utparam-url=scene%3Asearch%7Cquery_from%3A,"Kodak-Disco Rígido SSD, Disco Rígido Interno para Computador Portátil, 128GB, 256GB, 512GB, 1TB, 2.5 SATA3.0, X130 PRO ",35  vendido(s),"R$64,82"
//pt.aliexpress.com/item/1005007005059990.html?algo_pvid=cb5d1156-8a4b-4624-8cde-867769ef33b2&aem_p4p_detail=20240521062154765561217797930000172566&algo_exp_id=cb5d1156-8a4b-4624-8cde-867769ef33b2-55&pdp_npi=4%40dis%21BRL%2178.91%2163.13%21%21%21106.20%2184.96%21%402101c59517162977140516701eece2%2112000039026507257%21sea%21BR%210%21AB&curPageLogUid=tLgFhC4e5MOG&utparam-url=scene%3Asearch%7Cquery_from%3A&search_p4p_id=20240521062154765561217797930000172566_14,"Unidade de estado sólido portátil, SSD externo, disco rígido de alta velocidade, USB 3.1, tipo C, dispositivo de armazenamento para laptops, desktop, Mac, telefone, 1TB, 2TB ",R$,"R$63,13"
//pt.aliexpress.com/item/1005005862379173.html?algo_pvid=cb5d1156-8a4b-4624-8cde-867769ef33b2&algo_exp_id=cb5d1156-8a4b-4624-8cde-867769ef33b2-56&pdp_npi=4%40dis%21BRL%21149.01%2153.80%21%21%21200.55%2172.41%21%402101c59517162977140516701eece2%2112000034613175499%21sea%21BR%210%21AB&curPageLogUid=izAxtAJIKSyJ&utparam-url=scene%3Asearch%7Cquery_from%3A,"Goldenfir-Disco rígido de estado sólido para laptop, SSD 128GB, SATA III, 512GB, 480GB, 256GB, HD, 1TB, 500GB, 2.5 ",,"R$53,8"
//pt.aliexpress.com/item/1005006769812380.html?algo_pvid=cb5d1156-8a4b-4624-8cde-867769ef33b2&algo_exp_id=cb5d1156-8a4b-4624-8cde-867769ef33b2-57&pdp_npi=4%40dis%21BRL%21460.51%21193.87%21%21%2185.56%2136.02%21%402101c59517162977140516701eece2%2112000038240112115%21sea%21BR%210%21AB&curPageLogUid=NJ03jBYdu5pl&utparam-url=scene%3Asearch%7Cquery_from%3A,"Kingston-unidade de estado sólido ssd sata a400 sata3 2, 5 polegadas, disco rígido interno, 240gb, 480 gb ",,"R$193,87"
//pt.aliexpress.com/item/1005006769819726.html?algo_pvid=cb5d1156-8a4b-4624-8cde-867769ef33b2&algo_exp_id=cb5d1156-8a4b-4624-8cde-867769ef33b2-58&pdp_npi=4%40dis%21BRL%21454.43%21204.48%21%21%2184.43%2137.99%21%402101c59517162977140516701eece2%2112000038240230719%21sea%21BR%210%21AB&curPageLogUid=yvnhABvPWrqc&utparam-url=scene%3Asearch%7Cquery_from%3A,"LINTYLE SSD interno para laptop, PC, console de jogos de mesa, unidade de estado sólido, 3500 MB/s, NVME M.2 2280 TLC, PCIE 3.0, 256G, 512G, 1T ",,"R$204,48"
//pt.aliexpress.com/item/1005005803004036.html?algo_pvid=cb5d1156-8a4b-4624-8cde-867769ef33b2&aem_p4p_detail=20240521062154765561217797930000172566&algo_exp_id=cb5d1156-8a4b-4624-8cde-867769ef33b2-59&pdp_npi=4%40dis%21BRL%21755.41%21266.22%21%21%21140.35%2149.46%21%402101c59517162977140516701eece2%2112000034404337933%21sea%21BR%210%21AB&curPageLogUid=P3EbG4U03sWE&utparam-url=scene%3Asearch%7Cquery_from%3A&search_p4p_id=20240521062154765561217797930000172566_15,XrayDisk M.2 SSD PCIe NVME 128GB 256GB 512GB 1TB Gen3 * 4 Solid State Drive 2280 Disco Rígido Interno HDD para Laptop Desktop ,,"R$266,22"
//pt.aliexpress.com/item/1005006854984237.html?algo_pvid=cb5d1156-8a4b-4624-8cde-867769ef33b2&algo_exp_id=cb5d1156-8a4b-4624-8cde-867769ef33b2-0&pdp_npi=4%40dis%21BRL%2181.38%2123.92%21%21%2115.12%214.44%21%402101c59517162977140516701eece2%2112000038523571994%21sea%21BR%210%21AB&curPageLogUid=zV6AYA2nxSQo&utparam-url=scene%3Asearch%7Cquery_from%3A,"FIREBAT-Unidade de disco de estado sólido, SSD SATA3, 256GB, 512GB, 1 TB, 2.5 Polegada, Laptop, Notebook, Desktop, Original ",,"R$23,92"
//pt.aliexpress.com/item/1005002924616022.html?algo_pvid=cb5d1156-8a4b-4624-8cde-867769ef33b2&algo_exp_id=cb5d1156-8a4b-4624-8cde-867769ef33b2-1&pdp_npi=4%40dis%21BRL%21223.96%2194.21%21%21%2141.61%2117.50%21%402101c59517162977140516701eece2%2112000037919315672%21sea%21BR%210%21AB&curPageLogUid=73NiiETNa8rP&utparam-url=scene%3Asearch%7Cquery_from%3A,"KingSpec-Unidade interna de estado sólido para laptop, SSD, NVME, 512GB, 1TB, 128GB, 256GB, 500GB, M.2, 2280, PCIe, disco rígido ",,"R$94,21"
//pt.aliexpress.com/item/1005006367811835.html?algo_pvid=88034d87-d941-46ff-b58b-bc0aad0f17c2&algo_exp_id=88034d87-d941-46ff-b58b-bc0aad0f17c2-2&pdp_npi=4%40dis%21BRL%21140.96%2143.45%21%21%2126.19%218.07%21%40210318ef17162977210985301eb166%2112000036918462835%21sea%21BR%210%21AB&curPageLogUid=9R3pFSW5Ao6D&utparam-url=scene%3Asearch%7Cquery_from%3A,"HUADISK-Disco de estado sólido interno para laptop e PC desktop, SSD NVMe, 128GB, 256GB, 512GB, 1TB, 2TB, M.2 2280, PCIe 3.0, Chip TLC ",,"R$43,45"
//pt.aliexpress.com/item/1005006977219538.html?algo_pvid=88034d87-d941-46ff-b58b-bc0aad0f17c2&aem_p4p_detail=202405210622011011840651522630000207917&algo_exp_id=88034d87-d941-46ff-b58b-bc0aad0f17c2-3&pdp_npi=4%40dis%21BRL%21182.75%21182.75%21%21%21245.96%21245.96%21%40210318ef17162977210985301eb166%2112000038917208050%21sea%21BR%210%21AB&curPageLogUid=MdE5hVL0OIMT&utparam-url=scene%3Asearch%7Cquery_from%3A&search_p4p_id=202405210622011011840651522630000207917_1,"Disco rígido de estado sólido para console de jogos, laptop, PC, PS5, M2, 2280, PCIe 4,0, NVME, NGFF, marca original, 1080PRO, 4TB, 2TB, 1TB ",,"R$182,75"
//pt.aliexpress.com/item/1005005965370512.html?algo_pvid=88034d87-d941-46ff-b58b-bc0aad0f17c2&algo_exp_id=88034d87-d941-46ff-b58b-bc0aad0f17c2-4&pdp_npi=4%40dis%21BRL%21167.93%21167.93%21%21%2131.20%2131.20%21%40210318ef17162977210985301eb166%2112000035083042350%21sea%21BR%210%21AB&curPageLogUid=57ZVo8wsBcv8&utparam-url=scene%3Asearch%7Cquery_from%3A,"ADATA-SATA III SP580 Disco Interno de Estado Sólido, SSD, 120GB, 240GB, 480GB, 2.5 "", Alta Velocidade, Disco Rígido para Laptop, Desktop, PC ",,"R$167,93"
//pt.aliexpress.com/item/1005005667153495.html?algo_pvid=88034d87-d941-46ff-b58b-bc0aad0f17c2&algo_exp_id=88034d87-d941-46ff-b58b-bc0aad0f17c2-5&pdp_npi=4%40dis%21BRL%211027.43%21443.99%21%21%21190.89%2182.49%21%40210318ef17162977210985301eb166%2112000033949704166%21sea%21BR%210%21AB&curPageLogUid=xsWHFmpKMYJp&utparam-url=scene%3Asearch%7Cquery_from%3A,"Western Digital Disco de estado sólido interno para desktop, WD SN770, 500GB, 1TB, 2TB, SSD, NVMe, Gen4, PCIe, M.2, 2280, PCIe 4.0, X4 Drive, ajuste para PS5 ",,"R$443,99"
//pt.aliexpress.com/item/1005005967141688.html?algo_pvid=88034d87-d941-46ff-b58b-bc0aad0f17c2&algo_exp_id=88034d87-d941-46ff-b58b-bc0aad0f17c2-6&pdp_npi=4%40dis%21BRL%211213.71%21623.24%21%21%21225.50%21115.79%21%40210318ef17162977210985301eb166%2112000035090422472%21sea%21BR%210%21AB&curPageLogUid=Yox1x8L2UU1w&utparam-url=scene%3Asearch%7Cquery_from%3A,"MOVESPEED-Unidade Interna de Estado Sólido, SATA3.0, SSD, SATA III, 512GB, 1TB, Chip TLC, 256GB, 2TB, 4TB, Notebook, Desktop, Laptop ",,"R$623,24"
//pt.aliexpress.com/item/1005006712730848.html?algo_pvid=88034d87-d941-46ff-b58b-bc0aad0f17c2&aem_p4p_detail=202405210622011011840651522630000207917&algo_exp_id=88034d87-d941-46ff-b58b-bc0aad0f17c2-7&pdp_npi=4%40dis%21BRL%21136.16%2163.99%21%21%21183.26%2186.13%21%40210318ef17162977210985301eb166%2112000038073193936%21sea%21BR%210%21AB&curPageLogUid=l9UmKySiYxvU&utparam-url=scene%3Asearch%7Cquery_from%3A&search_p4p_id=202405210622011011840651522630000207917_2,"Unidade de estado sólido móvel de alta velocidade SSD portátil, Dispositivo de armazenamento externo, Tipo-C, USB 3.1, interface para laptop, PC, Mac, 500GB, 1TB ",,"R$63,99"
//pt.aliexpress.com/item/1005005548911624.html?algo_pvid=88034d87-d941-46ff-b58b-bc0aad0f17c2&algo_exp_id=88034d87-d941-46ff-b58b-bc0aad0f17c2-8&pdp_npi=4%40dis%21BRL%21820.26%21297.08%21%21%211103.99%21399.85%21%40210318ef17162977210985301eb166%2112000033496453973%21sea%21BR%210%21AB&curPageLogUid=ubKTvzPE1R7J&utparam-url=scene%3Asearch%7Cquery_from%3A,"Goldenfir-Disco rígido de estado sólido para laptop, SSD 128GB, SATAIII, 256GB, HD, 1TB, 2.5 ",,"R$297,08"
//pt.aliexpress.com/item/1005005589871606.html?algo_pvid=88034d87-d941-46ff-b58b-bc0aad0f17c2&algo_exp_id=88034d87-d941-46ff-b58b-bc0aad0f17c2-9&pdp_npi=4%40dis%21BRL%21310.90%21111.67%21%21%21418.44%21150.30%21%40210318ef17162977210985301eb166%2112000033665593220%21sea%21BR%210%21AB&curPageLogUid=HhELg0jfm6Ph&utparam-url=scene%3Asearch%7Cquery_from%3A,M2 SSD PCIe Goldenfir 128GB 256GB M.2 NVMe Disco Disco Interno de Estado Sólido MSI Notebook/Thinkpad P50 ,451  vendido(s),"R$111,67"
//pt.aliexpress.com/item/1005003196270926.html?algo_pvid=88034d87-d941-46ff-b58b-bc0aad0f17c2&algo_exp_id=88034d87-d941-46ff-b58b-bc0aad0f17c2-53&pdp_npi=4%40dis%21BRL%2174.17%2162.92%21%21%2113.78%2111.69%21%40210318ef17162977210985301eb166%2112000037977523300%21sea%21BR%210%21AB&curPageLogUid=unvNWUwJG6BW&utparam-url=scene%3Asearch%7Cquery_from%3A,"Walram 120gb ssd sataiii 2.5 ""240gb 128gb 256gb 480gb 512gb 1tb interno disco rígido de estado sólido para desktop laptop ",171  vendido(s),"R$62,92"
//pt.aliexpress.com/item/1005006680046990.html?algo_pvid=88034d87-d941-46ff-b58b-bc0aad0f17c2&algo_exp_id=88034d87-d941-46ff-b58b-bc0aad0f17c2-54&pdp_npi=4%40dis%21BRL%2120.94%2120.94%21%21%213.89%213.89%21%40210318ef17162977210985301eb166%2112000037996640541%21sea%21BR%210%21AB&curPageLogUid=kF8oajSG17JQ&utparam-url=scene%3Asearch%7Cquery_from%3A,M.2 2242 SSD 16GB Unidade estado sólido interno HDD rígido para laptop desktop notebook ,1  vendido(s),"R$20,94"
//pt.aliexpress.com/item/1005004008469503.html?algo_pvid=88034d87-d941-46ff-b58b-bc0aad0f17c2&aem_p4p_detail=202405210622011011840651522630000207917&algo_exp_id=88034d87-d941-46ff-b58b-bc0aad0f17c2-55&pdp_npi=4%40dis%21BRL%211360.16%21816.12%21%21%21252.71%21151.63%21%40210318ef17162977210985301eb166%2112000036202374357%21sea%21BR%210%21AB&curPageLogUid=8FBR0ay32RZj&utparam-url=scene%3Asearch%7Cquery_from%3A&search_p4p_id=202405210622011011840651522630000207917_14,CeaMere Sata Ssd 10pcs 120GB 2.5 SSD 128GB 240GB 256GB Disco Rígido 480GB 512GB HDD Disco Rígido Interno Logotipo Personalizado Grátis ,26  vendido(s),"R$816,12"
//pt.aliexpress.com/item/1005006327530138.html?algo_pvid=88034d87-d941-46ff-b58b-bc0aad0f17c2&algo_exp_id=88034d87-d941-46ff-b58b-bc0aad0f17c2-56&pdp_npi=4%40dis%21BRL%2149.94%214.99%21%21%2167.21%216.71%21%40210318ef17162977210985301eb166%2112000036777323592%21sea%21BR%210%21AB&curPageLogUid=FeDGE0X98DlK&utparam-url=scene%3Asearch%7Cquery_from%3A,"USB 3.0 Tipo C para SATA III Caso disco rígido, Gabinete de disco rígido externo, HDD Box, SSD Box Suporte, UASP HDD Box, 2,5"" ",,"R$4,99"
//pt.aliexpress.com/item/1005006895119375.html?algo_pvid=88034d87-d941-46ff-b58b-bc0aad0f17c2&algo_exp_id=88034d87-d941-46ff-b58b-bc0aad0f17c2-57&pdp_npi=4%40dis%21BRL%21121.80%21121.80%21%21%2122.63%2122.63%21%40210318ef17162977210985301eb166%2112000038643585827%21sea%21BR%210%21AB&curPageLogUid=TvbH0VdR8okt&utparam-url=scene%3Asearch%7Cquery_from%3A,"Movimentação interna de estado sólido para o portátil, disco rígido, SSD M2, NGFF, 500GB, 980 EVO mais, 250GB, 1TB, HDD, 970 PRO, M.2, 2TB, HDD, computador, Sata HD ",,"R$121,8"
//pt.aliexpress.com/item/1005006865303426.html?algo_pvid=88034d87-d941-46ff-b58b-bc0aad0f17c2&algo_exp_id=88034d87-d941-46ff-b58b-bc0aad0f17c2-58&pdp_npi=4%40dis%21BRL%21109.37%2189.37%21%21%2120.32%2116.60%21%40210318ef17162977210985301eb166%2112000038557324740%21sea%21BR%210%21AB&curPageLogUid=vU6MaH7ylXyB&utparam-url=scene%3Asearch%7Cquery_from%3A,"GUDGA-Unidade Interna de Estado Sólido para Laptop, Desktop Game, SSD NVME com DRAM, Dissipador PCIe3.0, 28GB, 256GB, 512GB, M.2, 2280, 2242 ",,"R$89,37"
//pt.aliexpress.com/item/1005007023929242.html?algo_pvid=88034d87-d941-46ff-b58b-bc0aad0f17c2&aem_p4p_detail=202405210622011011840651522630000207917&algo_exp_id=88034d87-d941-46ff-b58b-bc0aad0f17c2-59&pdp_npi=4%40dis%21BRL%2162.35%2149.88%21%21%2183.91%2167.13%21%40210318ef17162977210985301eb166%2112000039116532742%21sea%21BR%210%21AB&curPageLogUid=q5Dc9wztndfh&utparam-url=scene%3Asearch%7Cquery_from%3A&search_p4p_id=202405210622011011840651522630000207917_15,"Disco rígido externo SSD portátil original, Memória de disco rígido, Armazenamento USB para PC, Tablets, Notebook, Desktop, Computador, Mac, 2TB, 1TB, 24 ",,"R$49,88"
//pt.aliexpress.com/item/1005006151948971.html?algo_pvid=88034d87-d941-46ff-b58b-bc0aad0f17c2&algo_exp_id=88034d87-d941-46ff-b58b-bc0aad0f17c2-0&pdp_npi=4%40dis%21BRL%21810.95%21301.40%21%21%21150.67%2156.00%21%40210318ef17162977210985301eb166%2112000035999173326%21sea%21BR%210%21AB&curPageLogUid=3EVrlQG014Mw&utparam-url=scene%3Asearch%7Cquery_from%3A,"Crucial P3 Plus 2TB 1TB 500GB SSD PCIe Gen4 3D NAND NVMe M.2, até 5000 MB/s ",,"R$301,4"
//pt.aliexpress.com/item/1005005699663004.html?algo_pvid=88034d87-d941-46ff-b58b-bc0aad0f17c2&algo_exp_id=88034d87-d941-46ff-b58b-bc0aad0f17c2-1&pdp_npi=4%40dis%21BRL%21979.74%21381.29%21%21%21182.03%2170.84%21%40210318ef17162977210985301eb166%2112000034047977965%21sea%21BR%210%21AB&curPageLogUid=TJRSsjx9PvvK&utparam-url=scene%3Asearch%7Cquery_from%3A,Western Digital WD SN740 1TB SSD M.2 2230 NVMe PCIe Gen 4x4 SSD para Microsoft Surface ProX Laptop 3 Steam Deck ,,"R$381,29"
//pt.aliexpress.com/item/1005006367811835.html?algo_pvid=88034d87-d941-46ff-b58b-bc0aad0f17c2&algo_exp_id=88034d87-d941-46ff-b58b-bc0aad0f17c2-2&pdp_npi=4%40dis%21BRL%21140.96%2143.45%21%21%2126.19%218.07%21%40210318ef17162977210985301eb166%2112000036918462835%21sea%21BR%210%21AB&curPageLogUid=9R3pFSW5Ao6D&utparam-url=scene%3Asearch%7Cquery_from%3A,"HUADISK-Disco de estado sólido interno para laptop e PC desktop, SSD NVMe, 128GB, 256GB, 512GB, 1TB, 2TB, M.2 2280, PCIe 3.0, Chip TLC ",,"R$150,41"
//pt.aliexpress.com/item/1005007022193214.html?algo_pvid=15ebc2ce-68ef-4ac3-bb57-b686042e695a&aem_p4p_detail=202405210622082300880764001540000167492&algo_exp_id=15ebc2ce-68ef-4ac3-bb57-b686042e695a-3&pdp_npi=4%40dis%21BRL%2162.35%2149.88%21%21%2183.91%2167.13%21%402103205117162977282083974ec64c%2112000039108448221%21sea%21BR%210%21AB&curPageLogUid=t4Na4Ltz3KXl&utparam-url=scene%3Asearch%7Cquery_from%3A&search_p4p_id=202405210622082300880764001540000167492_1,"Disco Rígido Externo Portátil, SSD de Alta Velocidade, USB 3.0, HDD, 2TB, Unidades de Estado Sólido, Discos Rígidos para Desktop, Laptop, Android, Original ",,"R$49,88"
//pt.aliexpress.com/item/1005005415812516.html?algo_pvid=15ebc2ce-68ef-4ac3-bb57-b686042e695a&algo_exp_id=15ebc2ce-68ef-4ac3-bb57-b686042e695a-4&pdp_npi=4%40dis%21BRL%21239.25%2175.70%21%21%21322.00%21101.88%21%402103205117162977282083974ec64c%2112000036640560541%21sea%21BR%210%21AB&curPageLogUid=TVN0X2iD9fQM&utparam-url=scene%3Asearch%7Cquery_from%3A,"Microfrom Disco rígido interno de estado sólido, SATA III, NGFF 2280, 512GB, 1TB, 2TB, M.2, Laptop, Desktop, Computadores, 6 Gbps ",,"R$75,7"
//pt.aliexpress.com/item/1005006844954466.html?algo_pvid=15ebc2ce-68ef-4ac3-bb57-b686042e695a&algo_exp_id=15ebc2ce-68ef-4ac3-bb57-b686042e695a-5&pdp_npi=4%40dis%21BRL%2163.73%2163.73%21%21%2111.84%2111.84%21%402103205117162977282083974ec64c%2112000038492375249%21sea%21BR%210%21AB&curPageLogUid=Vs9aNkVZ9BJy&utparam-url=scene%3Asearch%7Cquery_from%3A,"Caso SSD de Protocolo Duplo, Chave Sem Ferramentas, Super-poort, M.2 Para USB, Tipo C, 3.1, 10Gbps, NVME, NGFF, M, M, B, B, B + M, chave, Windows, andróide, ósmio de Windows ",,"R$63,73"
//pt.aliexpress.com/item/1005006684242960.html?algo_pvid=15ebc2ce-68ef-4ac3-bb57-b686042e695a&algo_exp_id=15ebc2ce-68ef-4ac3-bb57-b686042e695a-6&pdp_npi=4%40dis%21BRL%21104.26%2135.90%21%21%21140.32%2148.32%21%402103205117162977282083974ec64c%2112000038007051476%21sea%21BR%210%21AB&curPageLogUid=Un1KTLHEqOoA&utparam-url=scene%3Asearch%7Cquery_from%3A,"Externo Solid State Drive Box, Enclosure Adapter, Hard Drive Box, NVMe SSD M2 HDD Case, M.2 NGFF para USB 3.1, Type-C 3.1, 5Gbps ",,"R$35,9"
//pt.aliexpress.com/item/1005005325013777.html?algo_pvid=15ebc2ce-68ef-4ac3-bb57-b686042e695a&aem_p4p_detail=202405210622082300880764001540000167492&algo_exp_id=15ebc2ce-68ef-4ac3-bb57-b686042e695a-7&pdp_npi=4%40dis%21BRL%211400.67%21584.91%21%21%211885.15%21787.22%21%402103205117162977282083974ec64c%2112000038217907522%21sea%21BR%210%21AB&curPageLogUid=XoaiD54eixQV&utparam-url=scene%3Asearch%7Cquery_from%3A&search_p4p_id=202405210622082300880764001540000167492_2,"MOVESPEED-Disco rígido interno de estado sólido, unidade SSD para PS5, PC portátil, 7450 MBps, SSD NVMe, M.2 2280, 4TB, 2TB, 1TB, PCIe, 4.0x4, 2280 ",,"R$584,91"
//pt.aliexpress.com/item/1005006798933494.html?algo_pvid=15ebc2ce-68ef-4ac3-bb57-b686042e695a&algo_exp_id=15ebc2ce-68ef-4ac3-bb57-b686042e695a-8&pdp_npi=4%40dis%21BRL%21445.37%21445.37%21%21%21599.42%21599.42%21%402103205117162977282083974ec64c%2112000038344151204%21sea%21BR%210%21AB&curPageLogUid=xaSqe370bNXp&utparam-url=scene%3Asearch%7Cquery_from%3A,"Sata 3 SSD Compatível com 2 Unidades de Estado Sólido, Sata III Storage Drive, 1 Terra, 2.5"" ",,"R$445,37"
//pt.aliexpress.com/item/32635855219.html?algo_pvid=15ebc2ce-68ef-4ac3-bb57-b686042e695a&algo_exp_id=15ebc2ce-68ef-4ac3-bb57-b686042e695a-9&pdp_npi=4%40dis%21BRL%21126.86%2181.51%21%21%2123.57%2115.14%21%402103205117162977282083974ec64c%2112000038649632429%21sea%21BR%210%21AB&curPageLogUid=q6kS0bKdUMAK&utparam-url=scene%3Asearch%7Cquery_from%3A,"Goldenfir-SSD interno para PC, Disco rígido mais novo, Número de série do logotipo OEM, 60GB, 120GB, 240GB, 480GB ",149  vendido(s),"R$81,51"
//pt.aliexpress.com/item/1005005785495577.html?algo_pvid=15ebc2ce-68ef-4ac3-bb57-b686042e695a&algo_exp_id=15ebc2ce-68ef-4ac3-bb57-b686042e695a-53&pdp_npi=4%40dis%21BRL%2120.51%2120.51%21%21%213.81%213.81%21%402103205117162977282083974ec64c%2112000034348536461%21sea%21BR%210%21AB&curPageLogUid=wYvozj7TqHv1&utparam-url=scene%3Asearch%7Cquery_from%3A,SSD M.2  SSD 16GB HDD M2 NGFF  SSD Drive de estado sólido para mesa ,3  vendido(s),"R$20,51"
//pt.aliexpress.com/item/1005006139410242.html?algo_pvid=15ebc2ce-68ef-4ac3-bb57-b686042e695a&algo_exp_id=15ebc2ce-68ef-4ac3-bb57-b686042e695a-54&pdp_npi=4%40dis%21BRL%2159.08%214.99%21%21%2179.52%216.72%21%402103205117162977282083974ec64c%2112000036069483985%21sea%21BR%210%21AB&curPageLogUid=YtnJtCqFKssq&utparam-url=scene%3Asearch%7Cquery_from%3A,"Caso disco rígido externo transparente, gabinete, USB 3.0, tipo C para SATA III, SSD, suporte a HDD, UASP, 2,5"" ",176  vendido(s),"R$4,99"
//pt.aliexpress.com/item/1005006353025596.html?algo_pvid=15ebc2ce-68ef-4ac3-bb57-b686042e695a&aem_p4p_detail=202405210622082300880764001540000167492&algo_exp_id=15ebc2ce-68ef-4ac3-bb57-b686042e695a-55&pdp_npi=4%40dis%21BRL%21100.76%2155.57%21%21%2118.72%2110.32%21%402103205117162977282083974ec64c%2112000038412738361%21sea%21BR%210%21AB&curPageLogUid=21KKOVr2eM8z&utparam-url=scene%3Asearch%7Cquery_from%3A&search_p4p_id=202405210622082300880764001540000167492_14,"GUDGA-SSD Disco rígido portátil SATA, melhor 2.5 SSD, 512GB, 256GB, 128GB, 512GB, Sata, Acer, Gaminggamer, Promoção ",9  vendido(s),"R$55,57"
//pt.aliexpress.com/item/1005006676201169.html?algo_pvid=15ebc2ce-68ef-4ac3-bb57-b686042e695a&algo_exp_id=15ebc2ce-68ef-4ac3-bb57-b686042e695a-56&pdp_npi=4%40dis%21BRL%2122.03%2122.03%21%21%2129.65%2129.65%21%402103205117162977282083974ec64c%2112000037988439266%21sea%21BR%210%21AB&curPageLogUid=tKaq6ITCXTCD&utparam-url=scene%3Asearch%7Cquery_from%3A,"Durável SSD portátil Hard Drive Box, Backup de dados, disco rígido externo, Slim e elegante, Conveniente alta velocidade eficiente ",,"R$22,03"
//pt.aliexpress.com/item/1005006814013623.html?algo_pvid=15ebc2ce-68ef-4ac3-bb57-b686042e695a&algo_exp_id=15ebc2ce-68ef-4ac3-bb57-b686042e695a-57&pdp_npi=4%40dis%21BRL%21222.56%21202.56%21%21%2141.35%2137.63%21%402103205117162977282083974ec64c%2112000038391299009%21sea%21BR%210%21AB&curPageLogUid=0jtpQJwxXCvt&utparam-url=scene%3Asearch%7Cquery_from%3A,"Lexar-SSD ns100 interno, disco de estado sólido, sata 3.0, tlc, 2, 5 polegadas, ler até 550 mb/s, 128gb, 256gb, 512gb, para PC desktop ",,"R$202,56"
//pt.aliexpress.com/item/1005006620694857.html?algo_pvid=15ebc2ce-68ef-4ac3-bb57-b686042e695a&algo_exp_id=15ebc2ce-68ef-4ac3-bb57-b686042e695a-58&pdp_npi=4%40dis%21BRL%2133.59%2126.59%21%21%216.24%214.94%21%402103205117162977282083974ec64c%2112000037844295004%21sea%21BR%210%21AB&curPageLogUid=CK4NgwaOT9KH&utparam-url=scene%3Asearch%7Cquery_from%3A,"Caixa de disco rígido externo transparente, M.2 NGFF SATA, tipo C 3.1, caso SSD, ferramenta 5Gbps, adaptador de gabinete livre para 2230, 2242, 2260, 2280 ",,"R$26,59"
//pt.aliexpress.com/item/1005006923475827.html?algo_pvid=15ebc2ce-68ef-4ac3-bb57-b686042e695a&aem_p4p_detail=202405210622082300880764001540000167492&algo_exp_id=15ebc2ce-68ef-4ac3-bb57-b686042e695a-59&pdp_npi=4%40dis%21BRL%21179.45%21152.53%21%21%21241.52%21205.29%21%402103205117162977282083974ec64c%2112000038739547309%21sea%21BR%210%21AB&curPageLogUid=YFynPOjkw3ic&utparam-url=scene%3Asearch%7Cquery_from%3A&search_p4p_id=202405210622082300880764001540000167492_15,"Fikwot-Solid State Drive, 2.5 "", SATA3, 550 MBps, 128GB, 256GB, 512GB, 1TB, 2TB, 4TB, 3D NAND Flash, apto para desktop, PC, portátil ",,"R$152,53"
//pt.aliexpress.com/item/1005005744416770.html?algo_pvid=15ebc2ce-68ef-4ac3-bb57-b686042e695a&algo_exp_id=15ebc2ce-68ef-4ac3-bb57-b686042e695a-0&pdp_npi=4%40dis%21BRL%21180.58%2199.31%21%21%2133.55%2118.45%21%402103205117162977282083974ec64c%2112000034188090771%21sea%21BR%210%21AB&curPageLogUid=lnUAfqX9usV5&utparam-url=scene%3Asearch%7Cquery_from%3A,Kingbank KP230 Gen3x4 M.2 2280 SSD NVME 120GB 128GB 256GB 512GB 1TBPro 2TB Solid State Drive para Laptop Desktop SSD NVMe M2 ,,"R$99,31"
//pt.aliexpress.com/item/1005006618720366.html?algo_pvid=15ebc2ce-68ef-4ac3-bb57-b686042e695a&algo_exp_id=15ebc2ce-68ef-4ac3-bb57-b686042e695a-1&pdp_npi=4%40dis%21BRL%211181.53%21415.88%21%21%211590.21%21559.73%21%402103205117162977282083974ec64c%2112000037839170220%21sea%21BR%210%21AB&curPageLogUid=oU75lETMBhkV&utparam-url=scene%3Asearch%7Cquery_from%3A,"KingSpec-Disco Rígido Interno, SSD, NVMe, 512GB, 1TB, 2TB, 4TB, 7000 Mbps, PCIe 4.0, Nmve Gen4, PS5 ",,"R$415,88"
//pt.aliexpress.com/item/1005006751165138.html?algo_pvid=deb1552a-7e09-4f4c-b5b0-39fc48abc460&algo_exp_id=deb1552a-7e09-4f4c-b5b0-39fc48abc460-2&pdp_npi=4%40dis%21BRL%2131.38%2111.38%21%21%215.83%212.11%21%4021032e4717162977349796189e5052%2112000038181594943%21sea%21BR%210%21AB&curPageLogUid=L7BtMtm6SKys&utparam-url=scene%3Asearch%7Cquery_from%3A,"M.2 NGFF SATA SSD Enclosure Adapter, USB 3.1, Gen1, 5Gbps para NGFF SATA, Solid State Drive, Gabinete Externo para SSD 2242, 2260, 2280 ",,"R$11,38"
//pt.aliexpress.com/item/1005006912462600.html?algo_pvid=deb1552a-7e09-4f4c-b5b0-39fc48abc460&aem_p4p_detail=20240521062215926879535087100000164709&algo_exp_id=deb1552a-7e09-4f4c-b5b0-39fc48abc460-3&pdp_npi=4%40dis%21BRL%21147.80%2191.64%21%21%21198.93%21123.34%21%4021032e4717162977349796189e5052%2112000038714612924%21sea%21BR%210%21AB&curPageLogUid=VXy6HX5RQinU&utparam-url=scene%3Asearch%7Cquery_from%3A&search_p4p_id=20240521062215926879535087100000164709_1,"CUSU-disco rígido interno para laptop e desktop, unidade de estado sólido, SSD, PCIe, NVME, Gen3x4, HDD, 2280, 128GB, 256GB, 512GB, 1TB ",,"R$91,64"
//pt.aliexpress.com/item/1005006774522028.html?algo_pvid=deb1552a-7e09-4f4c-b5b0-39fc48abc460&algo_exp_id=deb1552a-7e09-4f4c-b5b0-39fc48abc460-4&pdp_npi=4%40dis%21BRL%2117.65%217.65%21%21%213.28%211.42%21%4021032e4717162977349796189e5052%2112000038258999556%21sea%21BR%210%21AB&curPageLogUid=Fo6wKuHOvj5S&utparam-url=scene%3Asearch%7Cquery_from%3A,"Universal SATA 3.0 Hard Drive Caddy, bandeja adaptadora, alumínio, plástico para laptop, DVD-ROM, ODD, 2nd SSD, 9.5mm, 12.7mm ",,"R$7,65"
//pt.aliexpress.com/item/1005006877237111.html?algo_pvid=deb1552a-7e09-4f4c-b5b0-39fc48abc460&algo_exp_id=deb1552a-7e09-4f4c-b5b0-39fc48abc460-5&pdp_npi=4%40dis%21BRL%2180.23%2110.02%21%21%21107.98%2113.48%21%4021032e4717162977349796189e5052%2112000038599433025%21sea%21BR%210%21AB&curPageLogUid=5Bn3JF6HW6Qf&utparam-url=scene%3Asearch%7Cquery_from%3A,"Caixa de disco rígido externo SATA SSD, adaptador M.2 NGFF, 5Gbps, USB 3.1, USB C B Key, Chave B Plus M Key ",,"R$10,02"
//pt.aliexpress.com/item/1005006837168814.html?algo_pvid=deb1552a-7e09-4f4c-b5b0-39fc48abc460&algo_exp_id=deb1552a-7e09-4f4c-b5b0-39fc48abc460-6&pdp_npi=4%40dis%21BRL%21108.99%2188.99%21%21%2120.25%2116.53%21%4021032e4717162977349796189e5052%2112000038465013011%21sea%21BR%210%21AB&curPageLogUid=x4bgVi3Qk89U&utparam-url=scene%3Asearch%7Cquery_from%3A,"HUADISK-disco rígido interno, SSD M2, NVMe, 1TB, 512GB, 256GB, 128GB, PCIe, 3.0x4, NVMe M2, 2242, computador portátil de Lenovo ",,"R$88,99"
//pt.aliexpress.com/item/1005007011540676.html?algo_pvid=deb1552a-7e09-4f4c-b5b0-39fc48abc460&aem_p4p_detail=20240521062215926879535087100000164709&algo_exp_id=deb1552a-7e09-4f4c-b5b0-39fc48abc460-7&pdp_npi=4%40dis%21BRL%2149.78%2139.82%21%21%2167.00%2153.60%21%4021032e4717162977349796189e5052%2112000039059293312%21sea%21BR%210%21AB&curPageLogUid=rmzP0egyuOb2&utparam-url=scene%3Asearch%7Cquery_from%3A&search_p4p_id=20240521062215926879535087100000164709_2,"Disco Rígido Externo Original para Laptops, SSD Portátil, Disco Rígido, Móvel, USB 3.1, 1TB, 2TB, Telefone, PC ",,"R$39,82"
//pt.aliexpress.com/item/1005006739969882.html?algo_pvid=deb1552a-7e09-4f4c-b5b0-39fc48abc460&algo_exp_id=deb1552a-7e09-4f4c-b5b0-39fc48abc460-8&pdp_npi=4%40dis%21BRL%21129.44%21129.44%21%21%2124.05%2124.05%21%4021032e4717162977349796189e5052%2112000038148757101%21sea%21BR%210%21AB&curPageLogUid=yLG3v8ZpeJ5u&utparam-url=scene%3Asearch%7Cquery_from%3A,"Unidade de estado sólido móvel de alta velocidade SSD portátil, armazenamento externo, USB 3.1, interface para celular, 3.1, 500GB, 2, 3, 4pcs, 1TB ",,"R$129,44"
//pt.aliexpress.com/item/1005006788640018.html?algo_pvid=deb1552a-7e09-4f4c-b5b0-39fc48abc460&algo_exp_id=deb1552a-7e09-4f4c-b5b0-39fc48abc460-9&pdp_npi=4%40dis%21BRL%2174.34%214.99%21%21%21100.06%216.72%21%4021032e4717162977349796189e5052%2112000038303499813%21sea%21BR%210%21AB&curPageLogUid=ccqCN1ysibVJ&utparam-url=scene%3Asearch%7Cquery_from%3A,"USB 3.1 Tipo C para M.2 NGFF SSD Conversor Adaptador, Gabinete Externo Caso, Alumínio Liga de Estado Sólido Móvel Disco Rígido Caixa Adaptador ",17  vendido(s),"R$4,99"
//pt.aliexpress.com/item/1005005703680566.html?algo_pvid=deb1552a-7e09-4f4c-b5b0-39fc48abc460&algo_exp_id=deb1552a-7e09-4f4c-b5b0-39fc48abc460-53&pdp_npi=4%40dis%21BRL%21238.11%21101.42%21%21%2144.24%2118.84%21%4021032e4717162977349796189e5052%2112000036937960190%21sea%21BR%210%21AB&curPageLogUid=5dnoiHlIegs5&utparam-url=scene%3Asearch%7Cquery_from%3A,Reletech SSD P600 M2 NVMe 1TB 2TB 512G SSD M.2 2280 PCIe Gen3.0x4 Unidade Interna de Estado Sólido Disco Rígido Para Desktop Laptop ,442  vendido(s),"R$101,42"
//pt.aliexpress.com/item/1005006894885138.html?algo_pvid=deb1552a-7e09-4f4c-b5b0-39fc48abc460&algo_exp_id=deb1552a-7e09-4f4c-b5b0-39fc48abc460-54&pdp_npi=4%40dis%21BRL%21807.02%21383.51%21%21%21149.94%2171.25%21%4021032e4717162977349796189e5052%2112000038642815715%21sea%21BR%210%21AB&curPageLogUid=6PDHyIXZeh1o&utparam-url=scene%3Asearch%7Cquery_from%3A,"Kingston-ssd m.2 nvme pcie 4.0x4, 500gb, 1 também, compatível com pcie 3.0 nv2, velocidade 3000 mb/s, acessórios de computador ai ",22  vendido(s),"R$383,51"
//pt.aliexpress.com/item/1005006977178549.html?algo_pvid=deb1552a-7e09-4f4c-b5b0-39fc48abc460&aem_p4p_detail=20240521062215926879535087100000164709&algo_exp_id=deb1552a-7e09-4f4c-b5b0-39fc48abc460-55&pdp_npi=4%40dis%21BRL%21123.49%21123.49%21%21%21166.21%21166.21%21%4021032e4717162977349796189e5052%2112000038917057036%21sea%21BR%210%21AB&curPageLogUid=8qgAtogGTgQm&utparam-url=scene%3Asearch%7Cquery_from%3A&search_p4p_id=20240521062215926879535087100000164709_14,"Disco rígido interno portátil de estado sólido, SSD original, Sata III, disco rígido para laptop, computador, desktop, 1TB, 2TB, 2, 5 Polegada, 4TB ",4  vendido(s),"R$123,49"
//pt.aliexpress.com/item/1005006531036900.html?algo_pvid=deb1552a-7e09-4f4c-b5b0-39fc48abc460&algo_exp_id=deb1552a-7e09-4f4c-b5b0-39fc48abc460-56&pdp_npi=4%40dis%21BRL%21105.82%2152.91%21%21%2119.66%219.83%21%4021032e4717162977349796189e5052%2112000037552264520%21sea%21BR%210%21AB&curPageLogUid=38ObNDqyTHWl&utparam-url=scene%3Asearch%7Cquery_from%3A,"M2 NVME USB3.1 SSD Enclosure, Mobile Case, Protocolo de Suporte para Tipo-C, Metal de Estado Sólido, Caixa do Disco Rígido Externo, Laptop, Telefone ",,"R$52,91"
//pt.aliexpress.com/item/1005005217768999.html?algo_pvid=deb1552a-7e09-4f4c-b5b0-39fc48abc460&algo_exp_id=deb1552a-7e09-4f4c-b5b0-39fc48abc460-57&pdp_npi=4%40dis%21BRL%21846.69%21448.72%21%21%21157.31%2183.37%21%4021032e4717162977349796189e5052%2112000032225445109%21sea%21BR%210%21AB&curPageLogUid=I33CebpoxtGi&utparam-url=scene%3Asearch%7Cquery_from%3A,FANXIANG M2 SSD NVMe 256gb 512gb 1 também 2 também SSD M.2 2280 PCIe SSD Disco rígido interno de estado sólido para desktop laptop ,,"R$448,72"
//pt.aliexpress.com/item/1005006402133248.html?algo_pvid=deb1552a-7e09-4f4c-b5b0-39fc48abc460&algo_exp_id=deb1552a-7e09-4f4c-b5b0-39fc48abc460-58&pdp_npi=4%40dis%21BRL%21557.55%21235.09%21%21%21103.59%2143.68%21%4021032e4717162977349796189e5052%2112000037036850025%21sea%21BR%210%21AB&curPageLogUid=pMsJEMuK361k&utparam-url=scene%3Asearch%7Cquery_from%3A,"TEAMGROUP-Unidade de estado sólido, MP44, 512GB, 1TB, 2TB, SLC Cache Gen 4x4, M.2 2280, PCIe 4.0 com SSD NVMe, Laptop, Desktop, NUC, NAS ",,"R$235,09"
//pt.aliexpress.com/item/1005007031849531.html?algo_pvid=deb1552a-7e09-4f4c-b5b0-39fc48abc460&aem_p4p_detail=20240521062215926879535087100000164709&algo_exp_id=deb1552a-7e09-4f4c-b5b0-39fc48abc460-59&pdp_npi=4%40dis%21BRL%2160.28%2160.28%21%21%2111.20%2111.20%21%4021032e4717162977349796189e5052%2112000039157190413%21sea%21BR%210%21AB&curPageLogUid=vTnXlos8nKHT&utparam-url=scene%3Asearch%7Cquery_from%3A&search_p4p_id=20240521062215926879535087100000164709_15,"ACOS-SSD Disco Duro Hard 3 SSD para computador, 120GB, 128GB, 240GB, 256GB, 480GB, 512GB, 1TB ",,"R$60,28"
//pt.aliexpress.com/item/32847113544.html?algo_pvid=deb1552a-7e09-4f4c-b5b0-39fc48abc460&algo_exp_id=deb1552a-7e09-4f4c-b5b0-39fc48abc460-0&pdp_npi=4%40dis%21BRL%21166.15%21100.16%21%21%2130.87%2118.61%21%4021032e4717162977349796189e5052%2112000037932917350%21sea%21BR%210%21AB&curPageLogUid=NWFYllwqAAOl&utparam-url=scene%3Asearch%7Cquery_from%3A,"Kingspec-ssd m.2 nvme pcie, disco rígido interno para laptop, desktop, msi, 120gb, 256gb, 512gb, 1 também, 2 também ",,"R$100,16"
//pt.aliexpress.com/item/1005005872586312.html?algo_pvid=deb1552a-7e09-4f4c-b5b0-39fc48abc460&algo_exp_id=deb1552a-7e09-4f4c-b5b0-39fc48abc460-1&pdp_npi=4%40dis%21BRL%21310.07%21144.32%21%21%2157.61%2126.81%21%4021032e4717162977349796189e5052%2112000034652200836%21sea%21BR%210%21AB&curPageLogUid=ni3B9qHa9C3U&utparam-url=scene%3Asearch%7Cquery_from%3A,"ADATA-Unidade de estado sólido interna, SSD, SATA III, HDD, disco rígido para laptop, desktop, PC, SP580, 120GB, 240GB, 480GB, 960GB, 2,5"" ",,"R$144,32"
//pt.aliexpress.com/item/1005006751165138.html?algo_pvid=deb1552a-7e09-4f4c-b5b0-39fc48abc460&algo_exp_id=deb1552a-7e09-4f4c-b5b0-39fc48abc460-2&pdp_npi=4%40dis%21BRL%2131.38%2111.38%21%21%215.83%212.11%21%4021032e4717162977349796189e5052%2112000038181594943%21sea%21BR%210%21AB&curPageLogUid=L7BtMtm6SKys&utparam-url=scene%3Asearch%7Cquery_from%3A,"M.2 NGFF SATA SSD Enclosure Adapter, USB 3.1, Gen1, 5Gbps para NGFF SATA, Solid State Drive, Gabinete Externo para SSD 2242, 2260, 2280 ",,"R$33,64"
//pt.aliexpress.com/item/1005007030856382.html?algo_pvid=f1708512-5c20-452c-8725-aff6e8b7717a&aem_p4p_detail=202405210622221120936664438100000207136&algo_exp_id=f1708512-5c20-452c-8725-aff6e8b7717a-3&pdp_npi=4%40dis%21BRL%2160.44%2160.44%21%21%2111.23%2111.23%21%402103252b17162977419937824e1d7a%2112000039154105776%21sea%21BR%210%21AB&curPageLogUid=1djbdWKX9sPN&utparam-url=scene%3Asearch%7Cquery_from%3A&search_p4p_id=202405210622221120936664438100000207136_1,"ACOS-SATA 3 Disco rígido SSD para computador, 120GB, 128GB, 240GB, 256GB, 480GB, 512GB, 1TB, cartão de memória interno ",,"R$60,44"
//pt.aliexpress.com/item/1005006306223624.html?algo_pvid=f1708512-5c20-452c-8725-aff6e8b7717a&algo_exp_id=f1708512-5c20-452c-8725-aff6e8b7717a-4&pdp_npi=4%40dis%21BRL%21182.08%2187.43%21%21%2133.83%2116.24%21%402103252b17162977419937824e1d7a%2112000036693921991%21sea%21BR%210%21AB&curPageLogUid=9VWM1O9ea76R&utparam-url=scene%3Asearch%7Cquery_from%3A,"Kingbank-Disco interno de estado sólido para laptop e desktop, KP230, SSD NVMe, M2, 128 GB, 256 GB, 512 GB, 1TB, M.2 2280, NVME PCIe, Gen3x4 ",,"R$87,43"
//pt.aliexpress.com/item/1005005121754477.html?algo_pvid=f1708512-5c20-452c-8725-aff6e8b7717a&algo_exp_id=f1708512-5c20-452c-8725-aff6e8b7717a-5&pdp_npi=4%40dis%21BRL%21199.31%21109.56%21%21%2137.03%2120.35%21%402103252b17162977419937824e1d7a%2112000039050595031%21sea%21BR%210%21AB&curPageLogUid=M3XcymMhUebE&utparam-url=scene%3Asearch%7Cquery_from%3A,"KOOTION-SATAIII SSD Disco Rígido para Laptop, Solid State Drive, SATA 3, 2.5 "", 512GB, 1TB, 120GB, 128GB, 240GB, 256GB, 480GB, Novo, x12 ",,"R$109,56"
//pt.aliexpress.com/item/1005006844929429.html?algo_pvid=f1708512-5c20-452c-8725-aff6e8b7717a&algo_exp_id=f1708512-5c20-452c-8725-aff6e8b7717a-6&pdp_npi=4%40dis%21BRL%2198.13%2133.41%21%21%21132.07%2144.97%21%402103252b17162977419937824e1d7a%2112000038492775233%21sea%21BR%210%21AB&curPageLogUid=9cd2gseWXw4m&utparam-url=scene%3Asearch%7Cquery_from%3A,"Gabinete HDD transparente para laptop, caixa de disco rígido externo, SATA Box, USB 3.1, tipo C, USB, 3.1, 2.5"" ",,"R$33,41"
//pt.aliexpress.com/item/1005007031892720.html?algo_pvid=f1708512-5c20-452c-8725-aff6e8b7717a&aem_p4p_detail=202405210622221120936664438100000207136&algo_exp_id=f1708512-5c20-452c-8725-aff6e8b7717a-7&pdp_npi=4%40dis%21BRL%2160.44%2160.44%21%21%2111.23%2111.23%21%402103252b17162977419937824e1d7a%2112000039157563274%21sea%21BR%210%21AB&curPageLogUid=cy907YKR57RA&utparam-url=scene%3Asearch%7Cquery_from%3A&search_p4p_id=202405210622221120936664438100000207136_2,"ACOS Interno Solid State Drive, Disco Rígido para PC Desktop e Laptop, SSD Sata3, 120GB, 128GB, 240GB, 256GB, 480GB, 512GB, 1TB ",,"R$60,44"
//pt.aliexpress.com/item/1005005797774542.html?algo_pvid=f1708512-5c20-452c-8725-aff6e8b7717a&algo_exp_id=f1708512-5c20-452c-8725-aff6e8b7717a-8&pdp_npi=4%40dis%21BRL%2122.92%2122.92%21%21%2130.85%2130.85%21%402103252b17162977419937824e1d7a%2112000034387799256%21sea%21BR%210%21AB&curPageLogUid=e2PgUXjEpQ1Q&utparam-url=scene%3Asearch%7Cquery_from%3A,M.2 2242 SSD  16GB M2 Unidade interna de estado sólido HDD Disco rígido para laptop Desktop Notebook ,,"R$22,92"
//pt.aliexpress.com/item/1005006886624314.html?algo_pvid=f1708512-5c20-452c-8725-aff6e8b7717a&algo_exp_id=f1708512-5c20-452c-8725-aff6e8b7717a-9&pdp_npi=4%40dis%21BRL%2179.23%2135.63%21%21%2114.72%216.62%21%402103252b17162977419937824e1d7a%2112000038621941498%21sea%21BR%210%21AB&curPageLogUid=YS8wcYbY0CYU&utparam-url=scene%3Asearch%7Cquery_from%3A,"NVME M.2 SSD caixa de disco rígido, transparente, PCIe, NGFF, caso SSD transparente, 10Gbps, laptop, SSD ",R$,"R$35,63"
//pt.aliexpress.com/item/1005006867858727.html?algo_pvid=f1708512-5c20-452c-8725-aff6e8b7717a&algo_exp_id=f1708512-5c20-452c-8725-aff6e8b7717a-53&pdp_npi=4%40dis%21BRL%2165.41%2124.47%21%21%2188.04%2132.94%21%402103252b17162977419937824e1d7a%2112000038567473055%21sea%21BR%210%21AB&curPageLogUid=bdfydBtOVxns&utparam-url=scene%3Asearch%7Cquery_from%3A,"Alta Velocidade Caso Disco Rígido com Cabo para SSD, Caixa de Armazenamento Externo, SATA para USB3.0 HDD Enclosure, Caso Disco Rígido Móvel, 2.5"" ",R$,"R$24,47"
//pt.aliexpress.com/item/1005001808479628.html?algo_pvid=f1708512-5c20-452c-8725-aff6e8b7717a&algo_exp_id=f1708512-5c20-452c-8725-aff6e8b7717a-54&pdp_npi=4%40dis%21BRL%2159.04%2139.04%21%21%2110.97%217.25%21%402103252b17162977419937824e1d7a%2112000017702934657%21sea%21BR%210%21AB&curPageLogUid=XinwZAXsL0RJ&utparam-url=scene%3Asearch%7Cquery_from%3A,"1pc 2.5 ""ssd sas para 3.5"" sata disco rígido disco rígido hdd adaptador caddy bandeja quente swap plug nova chegada ",5  vendido(s),"R$39,04"
//pt.aliexpress.com/item/1005005796672976.html?algo_pvid=f1708512-5c20-452c-8725-aff6e8b7717a&aem_p4p_detail=202405210622221120936664438100000207136&algo_exp_id=f1708512-5c20-452c-8725-aff6e8b7717a-55&pdp_npi=4%40dis%21BRL%21338.01%21236.61%21%21%2162.80%2143.96%21%402103252b17162977419937824e1d7a%2112000034384456762%21sea%21BR%210%21AB&curPageLogUid=H1KTL3HG5LNu&utparam-url=scene%3Asearch%7Cquery_from%3A&search_p4p_id=202405210622221120936664438100000207136_15,"Lenovo-Unidade de estado sólido interna para laptop, SSD, SATA rápida, SSD, 2.5 Polegada, alta velocidade, 480GB, 500GB, HD, 1TB, 2TB ","1,000+  vendido(s)","R$236,61"
//pt.aliexpress.com/item/1005006216440748.html?algo_pvid=f1708512-5c20-452c-8725-aff6e8b7717a&algo_exp_id=f1708512-5c20-452c-8725-aff6e8b7717a-56&pdp_npi=4%40dis%21BRL%2185.04%2157.81%21%21%2115.80%2110.74%21%402103252b17162977419937824e1d7a%2112000036320531470%21sea%21BR%210%21AB&curPageLogUid=o3AwbAt2dAnL&utparam-url=scene%3Asearch%7Cquery_from%3A,"Unidade interna de estado sólido para desktop e laptop, disco rígido de alto desempenho, SSD SATA mSATA, 64GB 128GB 256GB 512GB ",,"R$57,81"
//pt.aliexpress.com/item/1005006169379323.html?algo_pvid=f1708512-5c20-452c-8725-aff6e8b7717a&algo_exp_id=f1708512-5c20-452c-8725-aff6e8b7717a-57&pdp_npi=4%40dis%21BRL%2182.24%2162.24%21%21%2115.28%2111.56%21%402103252b17162977419937824e1d7a%2112000038322513517%21sea%21BR%210%21AB&curPageLogUid=YscDKW56L4Yq&utparam-url=scene%3Asearch%7Cquery_from%3A,"CeaMere-Unidade Interna de Estado Sólido, SSD Personalizado, SATA 3, Solid State Drive, 2.5 "", 32GB, 64GB, 128GB, 240GB, 256GB, Brasil ",,"R$62,24"
//pt.aliexpress.com/item/1005005802943425.html?algo_pvid=f1708512-5c20-452c-8725-aff6e8b7717a&algo_exp_id=f1708512-5c20-452c-8725-aff6e8b7717a-58&pdp_npi=4%40dis%21BRL%21379.88%21189.94%21%21%2170.58%2135.29%21%402103252b17162977419937824e1d7a%2112000034404470347%21sea%21BR%210%21AB&curPageLogUid=bDHmGShis6ks&utparam-url=scene%3Asearch%7Cquery_from%3A,"Xraydisk Sata3 Ssd 60GB 128GB 240GB 120GB 256GB 480GB 512gb 1TB Hdd 2.5 Disco rígido 2,5 ""unidade interna de estado sólido ",,"R$189,94"
//pt.aliexpress.com/item/1005005677298462.html?algo_pvid=f1708512-5c20-452c-8725-aff6e8b7717a&aem_p4p_detail=202405210622221120936664438100000207136&algo_exp_id=f1708512-5c20-452c-8725-aff6e8b7717a-59&pdp_npi=4%40dis%21BRL%21242.74%21126.00%21%21%2145.10%2123.41%21%402103252b17162977419937824e1d7a%2112000038377488383%21sea%21BR%210%21AB&curPageLogUid=npJUQcADzngE&utparam-url=scene%3Asearch%7Cquery_from%3A&search_p4p_id=202405210622221120936664438100000207136_16,"Fanxiang-Unidade interna de estado sólido para laptop e desktop, S500Pro, S690, S790, SSD M.2, 256GB, 512GB, 1TB, 2TB, 4TB, PCIe3.0, 4.0 M.2, NVMe ",,R$126
//pt.aliexpress.com/item/33062055372.html?algo_pvid=f1708512-5c20-452c-8725-aff6e8b7717a&algo_exp_id=f1708512-5c20-452c-8725-aff6e8b7717a-0&pdp_npi=4%40dis%21BRL%21203.02%21183.02%21%21%2137.72%2134.00%21%402103252b17162977419937824e1d7a%2112000037296689580%21sea%21BR%210%21AB&curPageLogUid=joiqyiJsTPFg&utparam-url=scene%3Asearch%7Cquery_from%3A,Kingspec SSD 2.5 Polegada SATA3 SSD 2 TB 4 TB 256 GB 512 GB Unidade interna sólida sólida SATA SSD 128 GB 1 TB para laptop SSD Notebook Acessórios de armazenamento de computador Disco rígido Hdd P3 P4 ,,"R$183,02"
//pt.aliexpress.com/item/1005006361561570.html?algo_pvid=f1708512-5c20-452c-8725-aff6e8b7717a&algo_exp_id=f1708512-5c20-452c-8725-aff6e8b7717a-1&pdp_npi=4%40dis%21BRL%2135.01%2111.92%21%21%2147.12%2116.04%21%402103252b17162977419937824e1d7a%2112000036894442161%21sea%21BR%210%21AB&curPageLogUid=aRb54elGFOg5&utparam-url=scene%3Asearch%7Cquery_from%3A,"Dual Desktop SSD Suporte Kit, Suporte de Disco Rígido, Adaptador Interno, Disco Rígido, 2,5 a 3,5"" ",,"R$11,92"
//pt.aliexpress.com/item/1005006867597789.html?algo_pvid=7e706a26-4f9b-43e2-9a3e-1885726eabdf&algo_exp_id=7e706a26-4f9b-43e2-9a3e-1885726eabdf-2&pdp_npi=4%40dis%21BRL%21650.76%21230.41%21%21%21875.85%21310.10%21%402103246617162977486254489e3a8c%2112000038566801184%21sea%21BR%210%21AB&curPageLogUid=PZ64V0O6nbcC&utparam-url=scene%3Asearch%7Cquery_from%3A,"Crucial SSD P3 Plus, 500GB, 1TB, 2TB, 4TB, PCIe 4.0X4, 3D, NAND, NVMe, M.2 2280, Original, Novo, Até 5000 Mbps ",,"R$230,41"
//pt.aliexpress.com/item/1005006866734011.html?algo_pvid=7e706a26-4f9b-43e2-9a3e-1885726eabdf&aem_p4p_detail=202405210622283944904928239660000163020&algo_exp_id=7e706a26-4f9b-43e2-9a3e-1885726eabdf-3&pdp_npi=4%40dis%21BRL%21159.28%21159.28%21%21%21214.38%21214.38%21%402103246617162977486254489e3a8c%2112000038561743253%21sea%21BR%210%21AB&curPageLogUid=l5eKCj2XGdmP&utparam-url=scene%3Asearch%7Cquery_from%3A&search_p4p_id=202405210622283944904928239660000163020_1,"Disco Rígido SSD de Alta Velocidade para Xiaomi, Eletrônica Portátil para Laptops e Computador, Disco Rígido Original, 500GB, 128 GB, 1TB, 2TB ",,"R$159,28"
//pt.aliexpress.com/item/1005006439809995.html?algo_pvid=7e706a26-4f9b-43e2-9a3e-1885726eabdf&algo_exp_id=7e706a26-4f9b-43e2-9a3e-1885726eabdf-4&pdp_npi=4%40dis%21BRL%21138.76%2184.67%21%21%2125.78%2115.73%21%402103246617162977486254489e3a8c%2112000037172643644%21sea%21BR%210%21AB&curPageLogUid=3rAYLtmVIOnT&utparam-url=scene%3Asearch%7Cquery_from%3A,"WALRAM-Unidade Interna de Estado Sólido para Laptop, PC Desktop, 2.5 ""SSD, 1TB, SATA3, 512GB, 120GB, 128GB, 240GB, 256GB, 500GB, 480GB ",,"R$84,67"
//pt.aliexpress.com/item/1005006330927424.html?algo_pvid=7e706a26-4f9b-43e2-9a3e-1885726eabdf&algo_exp_id=7e706a26-4f9b-43e2-9a3e-1885726eabdf-5&pdp_npi=4%40dis%21BRL%2149.86%214.99%21%21%2167.11%216.73%21%402103246617162977486254489e3a8c%2112000036787447604%21sea%21BR%210%21AB&curPageLogUid=yWe4WIEB8rsM&utparam-url=scene%3Asearch%7Cquery_from%3A,"Limpar Gabinete de disco rígido externo, caso livre de ferramentas, USB 3.0 para SATA III, HDD, suporte SSD, UASP, 2,5"" ",,"R$4,99"
//pt.aliexpress.com/item/1005005219313797.html?algo_pvid=7e706a26-4f9b-43e2-9a3e-1885726eabdf&algo_exp_id=7e706a26-4f9b-43e2-9a3e-1885726eabdf-6&pdp_npi=4%40dis%21BRL%21430.64%21215.35%21%21%2180.01%2140.01%21%402103246617162977486254489e3a8c%2112000032233648779%21sea%21BR%210%21AB&curPageLogUid=yJAzrOTeM6NG&utparam-url=scene%3Asearch%7Cquery_from%3A,"Kingston-SSD interno a400, unidade de estado sólido, 120gb, 240gb, 480gb, 960gb, 2,5 polegadas, sata iii, hdd, para laptop, desktop, pc ",,"R$215,35"
//pt.aliexpress.com/item/1005005024130733.html?algo_pvid=7e706a26-4f9b-43e2-9a3e-1885726eabdf&aem_p4p_detail=202405210622283944904928239660000163020&algo_exp_id=7e706a26-4f9b-43e2-9a3e-1885726eabdf-7&pdp_npi=4%40dis%21BRL%21824.89%21494.96%21%21%21153.26%2191.96%21%402103246617162977486254489e3a8c%2112000033441817975%21sea%21BR%210%21AB&curPageLogUid=Xlmqn5KFS1aV&utparam-url=scene%3Asearch%7Cquery_from%3A&search_p4p_id=202405210622283944904928239660000163020_2,10PCS SSD SATA 3.0 128GB 256GB 512GB 1TB 2TB 2.5 Polegada SATA III Desktop Notebook Unidade interna de estado sólido SSD 1TB ,,"R$494,96"
//pt.aliexpress.com/item/1005005622654562.html?algo_pvid=7e706a26-4f9b-43e2-9a3e-1885726eabdf&algo_exp_id=7e706a26-4f9b-43e2-9a3e-1885726eabdf-8&pdp_npi=4%40dis%21BRL%211270.69%21469.24%21%21%211710.22%21631.55%21%402103246617162977486254489e3a8c%2112000033781194243%21sea%21BR%210%21AB&curPageLogUid=NSsPqkXS1GbR&utparam-url=scene%3Asearch%7Cquery_from%3A,"Western Digital-WD SN740 2TB 1TB 512GB M.2 SSD 2230 NVMe PCIe Gen 4x4 SSD para Microsoft Surface ProX, Surface Laptop 3 Steam Deck ",,"R$469,24"
//pt.aliexpress.com/item/1005005968469897.html?algo_pvid=7e706a26-4f9b-43e2-9a3e-1885726eabdf&algo_exp_id=7e706a26-4f9b-43e2-9a3e-1885726eabdf-9&pdp_npi=4%40dis%21BRL%21192.52%21103.98%21%21%2135.77%2119.32%21%402103246617162977486254489e3a8c%2112000035097774880%21sea%21BR%210%21AB&curPageLogUid=tWr24jgSokdJ&utparam-url=scene%3Asearch%7Cquery_from%3A,"Lenovo-Unidade de estado sólido interna, disco rígido para laptop e desktop, SATA, SSD, 240 GB, 1 TB, 120GB, 128GB, 256GB, 480GB, 512GB, 500GB ",1  vendido(s),"R$103,98"
//pt.aliexpress.com/item/1005006470615895.html?algo_pvid=7e706a26-4f9b-43e2-9a3e-1885726eabdf&algo_exp_id=7e706a26-4f9b-43e2-9a3e-1885726eabdf-53&pdp_npi=4%40dis%21BRL%21219.33%2178.71%21%21%2140.75%2114.62%21%402103246617162977486254489e3a8c%2112000038268998290%21sea%21BR%210%21AB&curPageLogUid=wlFJklnWJq8N&utparam-url=scene%3Asearch%7Cquery_from%3A,"BR-Unidade Interna de Estado Sólido, Disco Rígido, SATA, SSD, 120GB, 240GB, 128GB, 256GB, 2.5 "", SATA III, 512 GB, 1TB, Laptop, ecrã ",228  vendido(s),"R$78,71"
//pt.aliexpress.com/item/1005006398541007.html?algo_pvid=7e706a26-4f9b-43e2-9a3e-1885726eabdf&algo_exp_id=7e706a26-4f9b-43e2-9a3e-1885726eabdf-54&pdp_npi=4%40dis%21BRL%21342.18%21322.18%21%21%21460.54%21433.62%21%402103246617162977486254489e3a8c%2112000038466483614%21sea%21BR%210%21AB&curPageLogUid=J1Ty5fm3gZtt&utparam-url=scene%3Asearch%7Cquery_from%3A,"Unidade de estado sólido interna GeIL P4H, Disco SSD para PC, PS5, Laptop, 512GB, 1TB, 2TB, M.2 NVME, 1.4 PCIe 4.0, Gen 4X4, 2280 ",30  vendido(s),"R$322,18"
//pt.aliexpress.com/item/1005006897667607.html?algo_pvid=7e706a26-4f9b-43e2-9a3e-1885726eabdf&aem_p4p_detail=202405210622283944904928239660000163020&algo_exp_id=7e706a26-4f9b-43e2-9a3e-1885726eabdf-55&pdp_npi=4%40dis%21BRL%21136.18%2168.08%21%21%21183.29%2191.64%21%402103246617162977486254489e3a8c%2112000038651646125%21sea%21BR%210%21AB&curPageLogUid=sFX6JxlL2wSu&utparam-url=scene%3Asearch%7Cquery_from%3A&search_p4p_id=202405210622283944904928239660000163020_14,"Unidade de estado sólido móvel de alta velocidade, SSD portátil original, 1TB, USB 3.1, Tipo-C, Disco rígido externo, Dispositivo de armazenamento para Mac, Laptop ",23  vendido(s),"R$68,08"
//pt.aliexpress.com/item/1005006150222614.html?algo_pvid=7e706a26-4f9b-43e2-9a3e-1885726eabdf&algo_exp_id=7e706a26-4f9b-43e2-9a3e-1885726eabdf-56&pdp_npi=4%40dis%21BRL%2136.65%2118.30%21%21%216.81%213.40%21%402103246617162977486254489e3a8c%2112000035990167358%21sea%21BR%210%21AB&curPageLogUid=evlyAKQXAh9z&utparam-url=scene%3Asearch%7Cquery_from%3A,"USB 3.0 Caixa de Disco Rígido Externo, Transmissão SSD De Alta Velocidade, Janela De Suporte, Mac, Android, SATA, HDD, 2,5"" ",,"R$18,3"
//pt.aliexpress.com/item/1005003871940539.html?algo_pvid=7e706a26-4f9b-43e2-9a3e-1885726eabdf&algo_exp_id=7e706a26-4f9b-43e2-9a3e-1885726eabdf-57&pdp_npi=4%40dis%21BRL%2116.36%2116.36%21%21%213.04%213.04%21%402103246617162977486254489e3a8c%2112000027365010381%21sea%21BR%210%21AB&curPageLogUid=tNX8ezkrGrxv&utparam-url=scene%3Asearch%7Cquery_from%3A,"Caixa externa para SSD Mobile Hard Disk Box, cartão adaptador, M2 para USB 3.1, USB 3.1, Tipo-C, Case para 2230, 2242, 2260, 2280 ",,"R$16,36"
//pt.aliexpress.com/item/1005006857006141.html?algo_pvid=7e706a26-4f9b-43e2-9a3e-1885726eabdf&algo_exp_id=7e706a26-4f9b-43e2-9a3e-1885726eabdf-58&pdp_npi=4%40dis%21BRL%21172.18%2138.63%21%21%21231.73%2151.98%21%402103246617162977486254489e3a8c%2112000038530398303%21sea%21BR%210%21AB&curPageLogUid=PKgSOJGDjdAD&utparam-url=scene%3Asearch%7Cquery_from%3A,"Gabinete SSD M.2 NVMe, Caixa de Disco Rígido, 20Gbps, Max 4TB, Tipo-C, USB 3.2, Suporte GEN2 * 2, UASP Trims para Windows, Macbook ",,"R$38,63"
//pt.aliexpress.com/item/1005006821717324.html?algo_pvid=7e706a26-4f9b-43e2-9a3e-1885726eabdf&aem_p4p_detail=202405210622283944904928239660000163020&algo_exp_id=7e706a26-4f9b-43e2-9a3e-1885726eabdf-59&pdp_npi=4%40dis%21BRL%21350.76%21199.95%21%21%2165.17%2137.15%21%402103246617162977486254489e3a8c%2112000038411570366%21sea%21BR%210%21AB&curPageLogUid=J0fzlazppvME&utparam-url=scene%3Asearch%7Cquery_from%3A&search_p4p_id=202405210622283944904928239660000163020_15,"Unidades internas de estado sólido de alta velocidade para laptop, disco rígido, SSD Sata3, 4TB, 2.5 Polegada, 2TB, 1TB, 560 mbps, navio rápido, 3pcs ",,"R$199,95"
//pt.aliexpress.com/item/1005006506636142.html?algo_pvid=7e706a26-4f9b-43e2-9a3e-1885726eabdf&algo_exp_id=7e706a26-4f9b-43e2-9a3e-1885726eabdf-0&pdp_npi=4%40dis%21BRL%2196.40%2196.40%21%21%2117.91%2117.91%21%402103246617162977486254489e3a8c%2112000037448920841%21sea%21BR%210%21AB&curPageLogUid=GrC5sN1xSaj5&utparam-url=scene%3Asearch%7Cquery_from%3A,PM991 128G 2230 PCIE3.0 NVME SSD Transferência dados velocidade para tablets laptop Cartão rígido 54DB ,,"R$96,4"
//pt.aliexpress.com/item/1005002518423052.html?algo_pvid=7e706a26-4f9b-43e2-9a3e-1885726eabdf&algo_exp_id=7e706a26-4f9b-43e2-9a3e-1885726eabdf-1&pdp_npi=4%40dis%21BRL%21204.80%21184.80%21%21%2138.05%2134.33%21%402103246617162977486254489e3a8c%2112000027624719314%21sea%21BR%210%21AB&curPageLogUid=gUUtFRvXnR9a&utparam-url=scene%3Asearch%7Cquery_from%3A,"KODAK-Disco rígido interno de estado sólido para laptop, disco SSD original, SATA3, X120, 2.5 "", 128GB, 256GB, 512GB, 1TB ",,"R$184,8"
//pt.aliexpress.com/item/1005006867597789.html?algo_pvid=7e706a26-4f9b-43e2-9a3e-1885726eabdf&algo_exp_id=7e706a26-4f9b-43e2-9a3e-1885726eabdf-2&pdp_npi=4%40dis%21BRL%21650.76%21230.41%21%21%21875.85%21310.10%21%402103246617162977486254489e3a8c%2112000038566801184%21sea%21BR%210%21AB&curPageLogUid=PZ64V0O6nbcC&utparam-url=scene%3Asearch%7Cquery_from%3A,"M.2 NGFF Solid-State Drive Case Enclosure Reader, 5Gbps, SATA, SSD, Adaptador, 2280, 2260, 2242, 2230, BKey B + M, Laptop, PC ",,"R$27,16"
//pt.aliexpress.com/item/1005005227490187.html?algo_pvid=b01e4e18-009e-4945-8c41-4a7e7d109fa7&aem_p4p_detail=202405210622354445198574161820000205151&algo_exp_id=b01e4e18-009e-4945-8c41-4a7e7d109fa7-3&pdp_npi=4%40dis%21BRL%21154.15%21154.15%21%21%2128.64%2128.64%21%402101fb1517162977555016415e8790%2112000032270173848%21sea%21BR%210%21AB&curPageLogUid=MRHM3d3mAUgp&utparam-url=scene%3Asearch%7Cquery_from%3A&search_p4p_id=202405210622354445198574161820000205151_1,"Samsung-Unidade interna de estado sólido, PM991a, 1TB, SSD M.2 2230, PCIe 3.0x4, SSD NVME para Microsoft Surface Pro 7 + Steam Deck ",,"R$154,15"
//pt.aliexpress.com/item/1005006064453912.html?algo_pvid=b01e4e18-009e-4945-8c41-4a7e7d109fa7&algo_exp_id=b01e4e18-009e-4945-8c41-4a7e7d109fa7-4&pdp_npi=4%40dis%21BRL%2110.80%214.99%21%21%2114.53%216.71%21%402101fb1517162977555016415e8790%2112000035565801629%21sea%21BR%210%21AB&curPageLogUid=na2O0Vj17roE&utparam-url=scene%3Asearch%7Cquery_from%3A,"Alumínio Caddy Adapter Enclosure, Disco Rígido, 2 ° Segundo, SATA 3.0, Baía Óptica, SSD, DVD, CD-ROM, 2.5 "", 9.5mm, 12.7mm ",,"R$4,99"
//pt.aliexpress.com/item/1005005679620230.html?algo_pvid=b01e4e18-009e-4945-8c41-4a7e7d109fa7&algo_exp_id=b01e4e18-009e-4945-8c41-4a7e7d109fa7-5&pdp_npi=4%40dis%21BRL%21409.59%21229.98%21%21%2176.10%2142.73%21%402101fb1517162977555016415e8790%2112000038352676507%21sea%21BR%210%21AB&curPageLogUid=Gi0RCo72Kt1a&utparam-url=scene%3Asearch%7Cquery_from%3A,"Netac-Disco rígido interno de estado sólido, disco SSD para PS5, NVMe, M2, 2TB, 1TB, 512GB, 4TB, 7400 mbps, PCIe, 4,0x4, 2280 ",,"R$229,98"
//pt.aliexpress.com/item/1005006109690437.html?algo_pvid=b01e4e18-009e-4945-8c41-4a7e7d109fa7&algo_exp_id=b01e4e18-009e-4945-8c41-4a7e7d109fa7-6&pdp_npi=4%40dis%21BRL%21198.82%21109.37%21%21%2136.94%2120.32%21%402101fb1517162977555016415e8790%2112000035789388766%21sea%21BR%210%21AB&curPageLogUid=2PJHeg4cWLnt&utparam-url=scene%3Asearch%7Cquery_from%3A,M.2 nvme para usb3.2 gen2x2 50gbps adaptador caixa suporte asm2364 nvme ssd leitor dropship ,,"R$109,37"
//pt.aliexpress.com/item/1005006821648319.html?algo_pvid=b01e4e18-009e-4945-8c41-4a7e7d109fa7&aem_p4p_detail=202405210622354445198574161820000205151&algo_exp_id=b01e4e18-009e-4945-8c41-4a7e7d109fa7-7&pdp_npi=4%40dis%21BRL%21489.90%21254.75%21%21%2191.02%2147.33%21%402101fb1517162977555016415e8790%2112000038411201621%21sea%21BR%210%21AB&curPageLogUid=8UD7BBFzfuyr&utparam-url=scene%3Asearch%7Cquery_from%3A&search_p4p_id=202405210622354445198574161820000205151_2,"Discos rígidos internos de estado sólido para laptop, disco rígido de alta velocidade, SATA 3, 2, 5 Polegada, 2TB, 560 Mbps, 4TB, SSD, 4pcs ",,"R$254,75"
//pt.aliexpress.com/item/1005005583529629.html?algo_pvid=b01e4e18-009e-4945-8c41-4a7e7d109fa7&algo_exp_id=b01e4e18-009e-4945-8c41-4a7e7d109fa7-8&pdp_npi=4%40dis%21BRL%2140.64%2140.64%21%21%2154.70%2154.70%21%402101fb1517162977555016415e8790%2112000035803117055%21sea%21BR%210%21AB&curPageLogUid=vbJlNKfZHfBT&utparam-url=scene%3Asearch%7Cquery_from%3A,"Kingchuxing-Disco rígido SSD interno para laptop e desktop, SSD Msata, 128GB, 256GB ",,"R$40,64"
//pt.aliexpress.com/item/1005006827361891.html?algo_pvid=b01e4e18-009e-4945-8c41-4a7e7d109fa7&algo_exp_id=b01e4e18-009e-4945-8c41-4a7e7d109fa7-9&pdp_npi=4%40dis%21BRL%2115.82%2115.82%21%21%212.94%212.94%21%402101fb1517162977555016415e8790%2112000038431057236%21sea%21BR%210%21AB&curPageLogUid=7sOgIqLd1R3O&utparam-url=scene%3Asearch%7Cquery_from%3A,"Caixa de disco rígido externo USB 3.0 SATA, Caddy HDD SSD, armazenamento preto, 2.5 ""2.5"", atacado ",3  vendido(s),"R$15,82"
//pt.aliexpress.com/item/1005006515121500.html?algo_pvid=b01e4e18-009e-4945-8c41-4a7e7d109fa7&algo_exp_id=b01e4e18-009e-4945-8c41-4a7e7d109fa7-53&pdp_npi=4%40dis%21BRL%21391.62%21132.75%21%21%2172.76%2124.66%21%402101fb1517162977555016415e8790%2112000037492804053%21sea%21BR%210%21AB&curPageLogUid=5wbSDej1zENv&utparam-url=scene%3Asearch%7Cquery_from%3A,"OSCOO-Unidade de estado sólido para Mac, SSD para Apple Macbook Air, A1370, A1369, 2010, 2011, EMC 2393, 2471, 2392, 1369, 128GB, 256GB, 512GB, 1TB ",10  vendido(s),"R$132,75"
//pt.aliexpress.com/item/1005006760254616.html?algo_pvid=b01e4e18-009e-4945-8c41-4a7e7d109fa7&algo_exp_id=b01e4e18-009e-4945-8c41-4a7e7d109fa7-54&pdp_npi=4%40dis%21BRL%2123.52%2123.52%21%21%214.37%214.37%21%402101fb1517162977555016415e8790%2112000038213380334%21sea%21BR%210%21AB&curPageLogUid=ojxIriyOBuFY&utparam-url=scene%3Asearch%7Cquery_from%3A,"Caixa de disco rígido externo SATA, caixa do disco rígido, sem ferramentas, velocidade de 6Gbps, SSD, HDD, SSD, USB 3.0, 2,5 "", 6TB, 2,5"" ",2  vendido(s),"R$23,52"
//pt.aliexpress.com/item/1005006871264614.html?algo_pvid=b01e4e18-009e-4945-8c41-4a7e7d109fa7&aem_p4p_detail=202405210622354445198574161820000205151&algo_exp_id=b01e4e18-009e-4945-8c41-4a7e7d109fa7-55&pdp_npi=4%40dis%21BRL%21172.18%21172.18%21%21%21231.74%21231.74%21%402101fb1517162977555016415e8790%2112000038578199397%21sea%21BR%210%21AB&curPageLogUid=XASEO6nMCvPU&utparam-url=scene%3Asearch%7Cquery_from%3A&search_p4p_id=202405210622354445198574161820000205151_14,"Unidade interna de estado sólido NVMe para laptops e PC, SSD, SN570, 2TB, 1TB, 500GB, 250GB, SSD, PCIe3.0 x 4, M.2, 2280, Novo ",22  vendido(s),"R$172,18"
//pt.aliexpress.com/item/1005003106961767.html?algo_pvid=b01e4e18-009e-4945-8c41-4a7e7d109fa7&algo_exp_id=b01e4e18-009e-4945-8c41-4a7e7d109fa7-56&pdp_npi=4%40dis%21BRL%21158.99%2135.65%21%21%2129.54%216.62%21%402101fb1517162977555016415e8790%2112000038268433864%21sea%21BR%210%21AB&curPageLogUid=F8kiaTY36knY&utparam-url=scene%3Asearch%7Cquery_from%3A,"BR-Disco Rígido Interno de Estado Sólido, Área de Trabalho, Computador Portátil, PC, 2.5 SATA, 3.0 SSD, 4TB, 2TB, 1TB, 512GB, 256GB, 128GB, HDD ",,"R$35,65"
//pt.aliexpress.com/item/1005005979449665.html?algo_pvid=b01e4e18-009e-4945-8c41-4a7e7d109fa7&algo_exp_id=b01e4e18-009e-4945-8c41-4a7e7d109fa7-57&pdp_npi=4%40dis%21BRL%21430.58%21238.35%21%21%2180.00%2144.28%21%402101fb1517162977555016415e8790%2112000035149881680%21sea%21BR%210%21AB&curPageLogUid=di3GGg3yl6wp&utparam-url=scene%3Asearch%7Cquery_from%3A,"Asgard-Disco rígido interno para laptop, unidade de estado sólido, 512GB, 1TB, 2TB, SSD M.2, M2, 512GB, PCIe, NVME, 2280 ",,"R$238,35"
//pt.aliexpress.com/item/1005006848809623.html?algo_pvid=b01e4e18-009e-4945-8c41-4a7e7d109fa7&algo_exp_id=b01e4e18-009e-4945-8c41-4a7e7d109fa7-58&pdp_npi=4%40dis%21BRL%2164.95%214.99%21%21%2187.42%216.72%21%402101fb1517162977555016415e8790%2112000038507581609%21sea%21BR%210%21AB&curPageLogUid=e8xIDyGED86b&utparam-url=scene%3Asearch%7Cquery_from%3A,"Caixa de disco rígido de estado sólido, USB 3.0 externo, caixa do disco SSD, alta velocidade, plug and play para notebook, desktop, PC, 2.5 Polegada ",,"R$4,99"
//pt.aliexpress.com/item/1005006997126203.html?algo_pvid=b01e4e18-009e-4945-8c41-4a7e7d109fa7&aem_p4p_detail=202405210622354445198574161820000205151&algo_exp_id=b01e4e18-009e-4945-8c41-4a7e7d109fa7-59&pdp_npi=4%40dis%21BRL%21104.77%2151.33%21%21%21141.01%2169.09%21%402101fb1517162977555016415e8790%2112000038990214512%21sea%21BR%210%21AB&curPageLogUid=rcnNdR9xV4kS&utparam-url=scene%3Asearch%7Cquery_from%3A&search_p4p_id=202405210622354445198574161820000205151_15,"Disco Rígido SSD Externo Portátil, Interface USB de Alta Capacidade ou Tipo C, Alta Velocidade, Mini SSD para Laptops, Desktop, Telefones, 1TB ",,"R$51,33"
//pt.aliexpress.com/item/1005006165428612.html?algo_pvid=b01e4e18-009e-4945-8c41-4a7e7d109fa7&algo_exp_id=b01e4e18-009e-4945-8c41-4a7e7d109fa7-0&pdp_npi=4%40dis%21BRL%21193.01%2194.03%21%21%2135.86%2117.47%21%402101fb1517162977555016415e8790%2112000036069009261%21sea%21BR%210%21AB&curPageLogUid=JP8bPKdW7fu4&utparam-url=scene%3Asearch%7Cquery_from%3A,"Hagibis-Gabinete SSD para Laptop, Caixa Externa, NVMe, USB 3.2, Gen 2, 10Gbps para NVMe, PCI-E, M.2, iPhone 15 Pro, iPad, 2230 M.2 ",,"R$94,03"
//pt.aliexpress.com/item/1005006585533617.html?algo_pvid=b01e4e18-009e-4945-8c41-4a7e7d109fa7&algo_exp_id=b01e4e18-009e-4945-8c41-4a7e7d109fa7-1&pdp_npi=4%40dis%21BRL%2191.13%2131.38%21%21%21122.65%2142.23%21%402101fb1517162977555016415e8790%2112000037733584706%21sea%21BR%210%21AB&curPageLogUid=tTbMx1jiLh9l&utparam-url=scene%3Asearch%7Cquery_from%3A,"Gabinete SSD de alta velocidade, M2 para USB 3.0, Gen 1, 5Gbps, SATA M.2 para SSD NGFF, 2242, 2260, 2280, Adaptador de cartão ",,"R$81,76"
//pt.aliexpress.com/item/1005006730075120.html?algo_pvid=73ba740f-5b54-404c-97fe-434197ec1209&algo_exp_id=73ba740f-5b54-404c-97fe-434197ec1209-2&pdp_npi=4%40dis%21BRL%2172.72%2152.72%21%21%2197.88%2170.96%21%402103266e17162977625202573efa55%2112000038113912345%21sea%21BR%210%21AB&curPageLogUid=cpL7rnraEQt7&utparam-url=scene%3Asearch%7Cquery_from%3A,"Gabinete SSD de protocolo duplo SATA, M.2 para USB tipo C 3.1, adaptador para NVME PCIE NGFF SATA SSD, caixa de disco, 6 Gbps, 10Gbps ",,"R$52,72"
//pt.aliexpress.com/item/1005006991787574.html?algo_pvid=73ba740f-5b54-404c-97fe-434197ec1209&aem_p4p_detail=202405210622423866578057047420000162595&algo_exp_id=73ba740f-5b54-404c-97fe-434197ec1209-3&pdp_npi=4%40dis%21BRL%2174.15%2151.90%21%21%2199.80%2169.86%21%402103266e17162977625202573efa55%2112000038975144518%21sea%21BR%210%21AB&curPageLogUid=2Ug27LGVFLc6&utparam-url=scene%3Asearch%7Cquery_from%3A&search_p4p_id=202405210622423866578057047420000162595_1,"Disco de disco rígido externo, HDD portátil, original, 1TB, 2TB, 4TB, 8TB, 12TB, USB 3,0, 2,5"" ",,"R$51,9"
//pt.aliexpress.com/item/1005006202192605.html?algo_pvid=73ba740f-5b54-404c-97fe-434197ec1209&algo_exp_id=73ba740f-5b54-404c-97fe-434197ec1209-4&pdp_npi=4%40dis%21BRL%2115.90%214.99%21%21%2121.40%216.72%21%402103266e17162977625202573efa55%2112000036250973028%21sea%21BR%210%21AB&curPageLogUid=PDlZDrbN9iLr&utparam-url=scene%3Asearch%7Cquery_from%3A,"Caso do disco rígido externo, Caddy, HDD, SSD, USB 3.0, SATA Enclosure, 2.5 "", 2.5"" ",,"R$4,99"
//pt.aliexpress.com/item/1005006855356328.html?algo_pvid=73ba740f-5b54-404c-97fe-434197ec1209&algo_exp_id=73ba740f-5b54-404c-97fe-434197ec1209-5&pdp_npi=4%40dis%21BRL%2128.06%218.06%21%21%2137.77%2110.85%21%402103266e17162977625202573efa55%2112000038524721500%21sea%21BR%210%21AB&curPageLogUid=d2M4Bq0RGWLM&utparam-url=scene%3Asearch%7Cquery_from%3A,"Caixa de disco rígido portátil, HDD móvel, cabo USB C, caso SSD, preto, USB 3.1, SATA 1, 2, 3, 2.5 "", 2.5"" ",,"R$8,06"
//pt.aliexpress.com/item/1005005698210226.html?algo_pvid=73ba740f-5b54-404c-97fe-434197ec1209&algo_exp_id=73ba740f-5b54-404c-97fe-434197ec1209-6&pdp_npi=4%40dis%21BRL%21272.94%21131.01%21%21%2150.71%2124.34%21%402103266e17162977625202573efa55%2112000034044192826%21sea%21BR%210%21AB&curPageLogUid=iRtH4T7sfx4K&utparam-url=scene%3Asearch%7Cquery_from%3A,"Lenovo-Unidade de estado sólido interna, disco rígido para laptop e desktop, SATA, SSD, 240 GB, 1 TB, 120GB, 128GB, 256GB, 480GB, 512GB, 500GB ",,"R$131,01"
//pt.aliexpress.com/item/1005005544013065.html?algo_pvid=73ba740f-5b54-404c-97fe-434197ec1209&aem_p4p_detail=202405210622423866578057047420000162595&algo_exp_id=73ba740f-5b54-404c-97fe-434197ec1209-7&pdp_npi=4%40dis%21BRL%213001.71%212101.20%21%21%21557.70%21390.39%21%402103266e17162977625202573efa55%2112000033478838822%21sea%21BR%210%21AB&curPageLogUid=1qug9U3QI6ii&utparam-url=scene%3Asearch%7Cquery_from%3A&search_p4p_id=202405210622423866578057047420000162595_2,SanDisk Extreme PRO SSD E81 Disco Rígido Móvel Portátil 4TB 2TB 1TB USB3.2 TypeC/A Rígido Externo Para Laptop Solid State Drive ,,"R$2.101,2"
//pt.aliexpress.com/item/1005006153619603.html?algo_pvid=73ba740f-5b54-404c-97fe-434197ec1209&algo_exp_id=73ba740f-5b54-404c-97fe-434197ec1209-8&pdp_npi=4%40dis%21BRL%21321.16%21160.55%21%21%2159.67%2129.83%21%402103266e17162977625202573efa55%2112000036010343443%21sea%21BR%210%21AB&curPageLogUid=pLzbqlc5pFv1&utparam-url=scene%3Asearch%7Cquery_from%3A,"ROUHONG-Unidade interna de estado sólido para laptop e desktop, SSD SATA3, 1TB, 128GB, 256GB, 120GB, 480GB, 512GB, HDD 2.5, disco rígido, 240 GB ",,"R$160,55"
//pt.aliexpress.com/item/1005006818703325.html?algo_pvid=73ba740f-5b54-404c-97fe-434197ec1209&algo_exp_id=73ba740f-5b54-404c-97fe-434197ec1209-9&pdp_npi=4%40dis%21BRL%21448.72%21199.86%21%21%2183.37%2137.13%21%402103266e17162977625202573efa55%2112000038403873726%21sea%21BR%210%21AB&curPageLogUid=TFdiCdtg3Dlg&utparam-url=scene%3Asearch%7Cquery_from%3A,"SSD interno, 128GB, 240GB, 256GB, 480GB, 512GB, 1TB, 2TB, 2.5 Polegada, SATA III, 6 Gb/s, R, W, 440-500 Mbps, 490 560 mb/s ",15  vendido(s),"R$199,86"
//pt.aliexpress.com/item/1005006734002586.html?algo_pvid=73ba740f-5b54-404c-97fe-434197ec1209&algo_exp_id=73ba740f-5b54-404c-97fe-434197ec1209-53&pdp_npi=4%40dis%21BRL%2194.57%2132.20%21%21%21127.28%2143.34%21%402103266e17162977625202573efa55%2112000038124677439%21sea%21BR%210%21AB&curPageLogUid=s6NkEqP3ogRD&utparam-url=scene%3Asearch%7Cquery_from%3A,"NVME M.2 para Type-C HDD Case Adapter Board, Gabinete HDD, Interface Board, Chip JMS583, Suporte USB 3.2, 2230, 2242, 2260, 2280 Tamanho, SSD ",R$,"R$32,2"
//pt.aliexpress.com/item/1005006897019141.html?algo_pvid=73ba740f-5b54-404c-97fe-434197ec1209&algo_exp_id=73ba740f-5b54-404c-97fe-434197ec1209-54&pdp_npi=4%40dis%21BRL%21160.72%21160.72%21%21%2129.86%2129.86%21%402103266e17162977625202573efa55%2112000038649455092%21sea%21BR%210%21AB&curPageLogUid=uonhBsvimpPc&utparam-url=scene%3Asearch%7Cquery_from%3A,"SSD portátil para Apple MacBook Pro 2015, compatível com MacBook Pro A1465, A1466, Mac Air, SSD 2013-2015, A1502, 1TB ",7  vendido(s),"R$160,72"
//pt.aliexpress.com/item/1005006911581853.html?algo_pvid=73ba740f-5b54-404c-97fe-434197ec1209&aem_p4p_detail=202405210622423866578057047420000162595&algo_exp_id=73ba740f-5b54-404c-97fe-434197ec1209-55&pdp_npi=4%40dis%21BRL%21215.08%21107.54%21%21%21289.47%21144.73%21%402103266e17162977625202573efa55%2112000038702369845%21sea%21BR%210%21AB&curPageLogUid=Vt9U35zVLvEK&utparam-url=scene%3Asearch%7Cquery_from%3A&search_p4p_id=202405210622423866578057047420000162595_14,"Disco rígido externo de alta velocidade, Disco rígido móvel externo portátil, HDD original, Disco rígido para Mac, PC, novo, 1TB, 2TB ",38  vendido(s),"R$107,54"
//pt.aliexpress.com/item/1005006767868687.html?algo_pvid=73ba740f-5b54-404c-97fe-434197ec1209&algo_exp_id=73ba740f-5b54-404c-97fe-434197ec1209-56&pdp_npi=4%40dis%21BRL%2120.43%2120.43%21%21%2127.50%2127.50%21%402103266e17162977625202573efa55%2112000038232584408%21sea%21BR%210%21AB&curPageLogUid=4nFtda69Yv9x&utparam-url=scene%3Asearch%7Cquery_from%3A,"Caixa de disco rígido de alumínio, caso HDD, USB 2,0 para porta SATA, 480Mbps, 2,5"" ",,"R$20,43"
//pt.aliexpress.com/item/1005006211183885.html?algo_pvid=73ba740f-5b54-404c-97fe-434197ec1209&algo_exp_id=73ba740f-5b54-404c-97fe-434197ec1209-57&pdp_npi=4%40dis%21BRL%21173.58%21116.31%21%21%2132.25%2121.61%21%402103266e17162977625202573efa55%2112000036297140307%21sea%21BR%210%21AB&curPageLogUid=n8rjzSrPUHBY&utparam-url=scene%3Asearch%7Cquery_from%3A,2022 nova caixa caso usb3.1 nvme ngff ssd para 2230-2280 gabinete rígido móvel alumínio ,,"R$116,31"
//pt.aliexpress.com/item/1005006839005168.html?algo_pvid=73ba740f-5b54-404c-97fe-434197ec1209&algo_exp_id=73ba740f-5b54-404c-97fe-434197ec1209-58&pdp_npi=4%40dis%21BRL%2117.56%2117.56%21%21%2123.63%2123.63%21%402103266e17162977625202573efa55%2112000038470740344%21sea%21BR%210%21AB&curPageLogUid=9vGInkzc1sIm&utparam-url=scene%3Asearch%7Cquery_from%3A,"Suporte de Disco Rígido para PS2, Adaptador de Rede SATA, Suporte Impresso 3D, Suporte HDD, Suporte SSD para Fat Game Console, 1 PC, 2.5in ",,"R$17,56"
//pt.aliexpress.com/item/1005006366530094.html?algo_pvid=73ba740f-5b54-404c-97fe-434197ec1209&aem_p4p_detail=202405210622423866578057047420000162595&algo_exp_id=73ba740f-5b54-404c-97fe-434197ec1209-59&pdp_npi=4%40dis%21BRL%21103.20%21103.20%21%21%21138.89%21138.89%21%402103266e17162977625202573efa55%2112000036914047047%21sea%21BR%210%21AB&curPageLogUid=qqdXwSN5fM8J&utparam-url=scene%3Asearch%7Cquery_from%3A&search_p4p_id=202405210622423866578057047420000162595_15,"Disco Rígido Móvel Externo Portátil, SSD para Xiaomi, 128TB, 64TB, 128TB, Alta Velocidade, 16TB, 8TB, Desktop, Laptop, Comp ",,"R$103,2"
